---,Actor,Location,Rotation,Scale,Meshes
Row_0,/Script/CoreUObject.Class'/Script/Engine.DefaultPawn',"(X=0.000000,Y=0.000000,Z=0.000000)","(Pitch=0.000000,Yaw=0.000000,Roll=0.000000)","(X=1.000000,Y=1.000000,Z=1.000000)","((StaticMesh=/Script/Engine.StaticMesh'/Engine/EngineMeshes/Sphere.Sphere'',Materials=()))"
Row_1,/Script/CoreUObject.Class'/Script/Engine.SpectatorPawn',"(X=0.000000,Y=0.000000,Z=0.000000)","(Pitch=0.000000,Yaw=0.000000,Roll=0.000000)","(X=1.000000,Y=1.000000,Z=1.000000)",""
Row_2,/Script/CoreUObject.Class'/Script/Engine.PlayerCameraManager',"(X=0.000000,Y=0.000000,Z=0.000000)","(Pitch=0.000000,Yaw=0.000000,Roll=0.000000)","(X=1.000000,Y=1.000000,Z=1.000000)",""
Row_3,/Script/CoreUObject.Class'/Script/Anvil.MainMenuPlayerController',"(X=0.000000,Y=0.000000,Z=0.000000)","(Pitch=0.000000,Yaw=0.000000,Roll=0.000000)","(X=1.000000,Y=1.000000,Z=1.000000)",""
Row_4,/Script/CoreUObject.Class'/Script/NavigationSystem.AbstractNavData',"(X=0.000000,Y=0.000000,Z=0.000000)","(Pitch=0.000000,Yaw=0.000000,Roll=0.000000)","(X=1.000000,Y=1.000000,Z=1.000000)",""
Row_5,/Script/CoreUObject.Class'/Script/Engine.DefaultPhysicsVolume',"(X=0.000000,Y=0.000000,Z=0.000000)","(Pitch=0.000000,Yaw=0.000000,Roll=0.000000)","(X=1.000000,Y=1.000000,Z=1.000000)",""
Row_6,/Script/CoreUObject.Class'/Script/Engine.AmbientSound',"(X=739.099609,Y=193.993607,Z=76.956169)","(Pitch=0.000000,Yaw=0.000000,Roll=0.000000)","(X=1.000000,Y=1.000000,Z=1.000000)",""
Row_7,/Script/CoreUObject.Class'/Script/Anvil.EntityActor',"(X=0.000000,Y=0.000000,Z=0.000000)","(Pitch=0.000000,Yaw=0.000000,Roll=0.000000)","(X=1.000000,Y=1.000000,Z=1.000000)",""
Row_8,/Script/CoreUObject.Class'/Script/Anvil.EntityActor',"(X=0.000000,Y=0.000000,Z=0.000000)","(Pitch=0.000000,Yaw=0.000000,Roll=0.000000)","(X=1.000000,Y=1.000000,Z=1.000000)",""
Row_9,/Script/CoreUObject.Class'/Script/Anvil.EntityActor',"(X=0.000000,Y=0.000000,Z=0.000000)","(Pitch=0.000000,Yaw=0.000000,Roll=0.000000)","(X=1.000000,Y=1.000000,Z=1.000000)",""
Row_10,/Script/CoreUObject.Class'/Script/Anvil.EntityActor',"(X=0.000000,Y=0.000000,Z=0.000000)","(Pitch=0.000000,Yaw=0.000000,Roll=0.000000)","(X=1.000000,Y=1.000000,Z=1.000000)",""
Row_11,/Script/CoreUObject.Class'/Script/Anvil.EntityActor',"(X=0.000000,Y=0.000000,Z=0.000000)","(Pitch=0.000000,Yaw=0.000000,Roll=0.000000)","(X=1.000000,Y=1.000000,Z=1.000000)",""
Row_12,/Script/Engine.BlueprintGeneratedClass'/Game/Blueprints/VisActors/Resources/BPVisLatticeMine.BPVisLatticeMine_C',"(X=0.000000,Y=0.000000,Z=0.000000)","(Pitch=0.000000,Yaw=0.000000,Roll=0.000000)","(X=1.000000,Y=1.000000,Z=1.000000)",""
Row_13,/Script/CoreUObject.Class'/Script/Anvil.EntityActor',"(X=0.000000,Y=0.000000,Z=0.000000)","(Pitch=0.000000,Yaw=0.000000,Roll=0.000000)","(X=1.000000,Y=1.000000,Z=1.000000)",""
Row_14,/Script/CoreUObject.Class'/Script/Anvil.EntityActor',"(X=0.000000,Y=0.000000,Z=0.000000)","(Pitch=0.000000,Yaw=0.000000,Roll=0.000000)","(X=1.000000,Y=1.000000,Z=1.000000)",""
Row_15,/Script/CoreUObject.Class'/Script/Anvil.EntityActor',"(X=0.000000,Y=0.000000,Z=0.000000)","(Pitch=0.000000,Yaw=0.000000,Roll=0.000000)","(X=1.000000,Y=1.000000,Z=1.000000)",""
Row_16,/Script/CoreUObject.Class'/Script/Anvil.EntityActor',"(X=0.000000,Y=0.000000,Z=0.000000)","(Pitch=0.000000,Yaw=0.000000,Roll=0.000000)","(X=1.000000,Y=1.000000,Z=1.000000)",""
Row_17,/Script/CoreUObject.Class'/Script/Anvil.EntityActor',"(X=0.000000,Y=0.000000,Z=0.000000)","(Pitch=0.000000,Yaw=0.000000,Roll=0.000000)","(X=1.000000,Y=1.000000,Z=1.000000)",""
Row_18,/Script/CoreUObject.Class'/Script/Anvil.EntityActor',"(X=0.000000,Y=0.000000,Z=0.000000)","(Pitch=0.000000,Yaw=0.000000,Roll=0.000000)","(X=1.000000,Y=1.000000,Z=1.000000)",""
Row_19,/Script/CoreUObject.Class'/Script/Anvil.EntityActor',"(X=0.000000,Y=0.000000,Z=0.000000)","(Pitch=0.000000,Yaw=0.000000,Roll=0.000000)","(X=1.000000,Y=1.000000,Z=1.000000)",""
Row_20,/Script/CoreUObject.Class'/Script/Anvil.EntityActor',"(X=0.000000,Y=0.000000,Z=0.000000)","(Pitch=0.000000,Yaw=0.000000,Roll=0.000000)","(X=1.000000,Y=1.000000,Z=1.000000)",""
Row_21,/Script/CoreUObject.Class'/Script/Anvil.EntityActor',"(X=0.000000,Y=0.000000,Z=0.000000)","(Pitch=0.000000,Yaw=0.000000,Roll=0.000000)","(X=1.000000,Y=1.000000,Z=1.000000)",""
Row_22,/Script/Engine.BlueprintGeneratedClass'/Game/Blueprints/VisActors/Resources/BPVisLatticeMine.BPVisLatticeMine_C',"(X=0.000000,Y=0.000000,Z=0.000000)","(Pitch=0.000000,Yaw=0.000000,Roll=0.000000)","(X=1.000000,Y=1.000000,Z=1.000000)",""
Row_23,/Script/CoreUObject.Class'/Script/Anvil.EntityActor',"(X=0.000000,Y=0.000000,Z=0.000000)","(Pitch=0.000000,Yaw=0.000000,Roll=0.000000)","(X=1.000000,Y=1.000000,Z=1.000000)",""
Row_24,/Script/Engine.BlueprintGeneratedClass'/Game/Blueprints/VisActors/Resources/BPVisLatticeMine.BPVisLatticeMine_C',"(X=0.000000,Y=0.000000,Z=0.000000)","(Pitch=0.000000,Yaw=0.000000,Roll=0.000000)","(X=1.000000,Y=1.000000,Z=1.000000)",""
Row_25,/Script/CoreUObject.Class'/Script/Anvil.EntityActor',"(X=0.000000,Y=0.000000,Z=0.000000)","(Pitch=0.000000,Yaw=0.000000,Roll=0.000000)","(X=1.000000,Y=1.000000,Z=1.000000)",""
Row_26,/Script/Engine.BlueprintGeneratedClass'/Game/Blueprints/VisActors/Resources/BPVisLatticeMine.BPVisLatticeMine_C',"(X=0.000000,Y=0.000000,Z=0.000000)","(Pitch=0.000000,Yaw=0.000000,Roll=0.000000)","(X=1.000000,Y=1.000000,Z=1.000000)",""
Row_27,/Script/CoreUObject.Class'/Script/Anvil.EntityActor',"(X=0.000000,Y=0.000000,Z=0.000000)","(Pitch=0.000000,Yaw=0.000000,Roll=0.000000)","(X=1.000000,Y=1.000000,Z=1.000000)",""
Row_28,/Script/Engine.BlueprintGeneratedClass'/Game/Blueprints/VisActors/Resources/BPVisLatticeMine.BPVisLatticeMine_C',"(X=0.000000,Y=0.000000,Z=0.000000)","(Pitch=0.000000,Yaw=0.000000,Roll=0.000000)","(X=1.000000,Y=1.000000,Z=1.000000)",""
Row_29,/Script/CoreUObject.Class'/Script/Anvil.EntityActor',"(X=0.000000,Y=0.000000,Z=0.000000)","(Pitch=0.000000,Yaw=0.000000,Roll=0.000000)","(X=1.000000,Y=1.000000,Z=1.000000)",""
Row_30,/Script/CoreUObject.Class'/Script/Anvil.EntityActor',"(X=0.000000,Y=0.000000,Z=0.000000)","(Pitch=0.000000,Yaw=0.000000,Roll=0.000000)","(X=1.000000,Y=1.000000,Z=1.000000)",""
Row_31,/Script/CoreUObject.Class'/Script/Anvil.EntityActor',"(X=0.000000,Y=0.000000,Z=0.000000)","(Pitch=0.000000,Yaw=0.000000,Roll=0.000000)","(X=1.000000,Y=1.000000,Z=1.000000)",""
Row_32,/Script/CoreUObject.Class'/Script/Anvil.EntityActor',"(X=0.000000,Y=0.000000,Z=0.000000)","(Pitch=0.000000,Yaw=0.000000,Roll=0.000000)","(X=1.000000,Y=1.000000,Z=1.000000)",""
Row_33,/Script/CoreUObject.Class'/Script/Anvil.EntityActor',"(X=0.000000,Y=0.000000,Z=0.000000)","(Pitch=0.000000,Yaw=0.000000,Roll=0.000000)","(X=1.000000,Y=1.000000,Z=1.000000)",""
Row_34,/Script/Engine.BlueprintGeneratedClass'/Game/Blueprints/VisActors/Resources/BPVisLatticeMine.BPVisLatticeMine_C',"(X=0.000000,Y=0.000000,Z=0.000000)","(Pitch=0.000000,Yaw=0.000000,Roll=0.000000)","(X=1.000000,Y=1.000000,Z=1.000000)",""
Row_35,/Script/CoreUObject.Class'/Script/Anvil.EntityActor',"(X=0.000000,Y=0.000000,Z=0.000000)","(Pitch=0.000000,Yaw=0.000000,Roll=0.000000)","(X=1.000000,Y=1.000000,Z=1.000000)",""
Row_36,/Script/CoreUObject.Class'/Script/Anvil.EntityActor',"(X=0.000000,Y=0.000000,Z=0.000000)","(Pitch=0.000000,Yaw=0.000000,Roll=0.000000)","(X=1.000000,Y=1.000000,Z=1.000000)",""
Row_37,/Script/CoreUObject.Class'/Script/Anvil.EntityActor',"(X=0.000000,Y=0.000000,Z=0.000000)","(Pitch=0.000000,Yaw=0.000000,Roll=0.000000)","(X=1.000000,Y=1.000000,Z=1.000000)",""
Row_38,/Script/CoreUObject.Class'/Script/Anvil.EntityActor',"(X=0.000000,Y=0.000000,Z=0.000000)","(Pitch=0.000000,Yaw=0.000000,Roll=0.000000)","(X=1.000000,Y=1.000000,Z=1.000000)",""
Row_39,/Script/CoreUObject.Class'/Script/Anvil.EntityActor',"(X=0.000000,Y=0.000000,Z=0.000000)","(Pitch=0.000000,Yaw=0.000000,Roll=0.000000)","(X=1.000000,Y=1.000000,Z=1.000000)",""
Row_40,/Script/CoreUObject.Class'/Script/Anvil.EntityActor',"(X=0.000000,Y=0.000000,Z=0.000000)","(Pitch=0.000000,Yaw=0.000000,Roll=0.000000)","(X=1.000000,Y=1.000000,Z=1.000000)",""
Row_41,/Script/CoreUObject.Class'/Script/Anvil.EntityActor',"(X=0.000000,Y=0.000000,Z=0.000000)","(Pitch=0.000000,Yaw=0.000000,Roll=0.000000)","(X=1.000000,Y=1.000000,Z=1.000000)",""
Row_42,/Script/CoreUObject.Class'/Script/Anvil.EntityActor',"(X=0.000000,Y=0.000000,Z=0.000000)","(Pitch=0.000000,Yaw=0.000000,Roll=0.000000)","(X=1.000000,Y=1.000000,Z=1.000000)",""
Row_43,/Script/Engine.BlueprintGeneratedClass'/Game/Blueprints/VisActors/Resources/BPVisLatticeMine.BPVisLatticeMine_C',"(X=0.000000,Y=0.000000,Z=0.000000)","(Pitch=0.000000,Yaw=0.000000,Roll=0.000000)","(X=1.000000,Y=1.000000,Z=1.000000)",""
Row_44,/Script/CoreUObject.Class'/Script/Anvil.EntityActor',"(X=0.000000,Y=0.000000,Z=0.000000)","(Pitch=0.000000,Yaw=0.000000,Roll=0.000000)","(X=1.000000,Y=1.000000,Z=1.000000)",""
Row_45,/Script/CoreUObject.Class'/Script/Anvil.EntityActor',"(X=0.000000,Y=0.000000,Z=0.000000)","(Pitch=0.000000,Yaw=0.000000,Roll=0.000000)","(X=1.000000,Y=1.000000,Z=1.000000)",""
Row_46,/Script/CoreUObject.Class'/Script/Anvil.EntityActor',"(X=0.000000,Y=0.000000,Z=0.000000)","(Pitch=0.000000,Yaw=0.000000,Roll=0.000000)","(X=1.000000,Y=1.000000,Z=1.000000)",""
Row_47,/Script/CoreUObject.Class'/Script/Anvil.EntityActor',"(X=0.000000,Y=0.000000,Z=0.000000)","(Pitch=0.000000,Yaw=0.000000,Roll=0.000000)","(X=1.000000,Y=1.000000,Z=1.000000)",""
Row_48,/Script/Engine.BlueprintGeneratedClass'/Game/Blueprints/VisActors/Resources/BPVisLatticeMine.BPVisLatticeMine_C',"(X=0.000000,Y=0.000000,Z=0.000000)","(Pitch=0.000000,Yaw=0.000000,Roll=0.000000)","(X=1.000000,Y=1.000000,Z=1.000000)",""
Row_49,/Script/CoreUObject.Class'/Script/Anvil.EntityActor',"(X=0.000000,Y=0.000000,Z=0.000000)","(Pitch=0.000000,Yaw=0.000000,Roll=0.000000)","(X=1.000000,Y=1.000000,Z=1.000000)",""
Row_50,/Script/CoreUObject.Class'/Script/Anvil.EntityActor',"(X=0.000000,Y=0.000000,Z=0.000000)","(Pitch=0.000000,Yaw=0.000000,Roll=0.000000)","(X=1.000000,Y=1.000000,Z=1.000000)",""
Row_51,/Script/CoreUObject.Class'/Script/Anvil.EntityActor',"(X=0.000000,Y=0.000000,Z=0.000000)","(Pitch=0.000000,Yaw=0.000000,Roll=0.000000)","(X=1.000000,Y=1.000000,Z=1.000000)",""
Row_52,/Script/CoreUObject.Class'/Script/Anvil.EntityActor',"(X=0.000000,Y=0.000000,Z=0.000000)","(Pitch=0.000000,Yaw=0.000000,Roll=0.000000)","(X=1.000000,Y=1.000000,Z=1.000000)",""
Row_53,/Script/CoreUObject.Class'/Script/Anvil.EntityActor',"(X=0.000000,Y=0.000000,Z=0.000000)","(Pitch=0.000000,Yaw=0.000000,Roll=0.000000)","(X=1.000000,Y=1.000000,Z=1.000000)",""
Row_54,/Script/CoreUObject.Class'/Script/Anvil.EntityActor',"(X=0.000000,Y=0.000000,Z=0.000000)","(Pitch=0.000000,Yaw=0.000000,Roll=0.000000)","(X=1.000000,Y=1.000000,Z=1.000000)",""
Row_55,/Script/CoreUObject.Class'/Script/Anvil.EntityActor',"(X=0.000000,Y=0.000000,Z=0.000000)","(Pitch=0.000000,Yaw=0.000000,Roll=0.000000)","(X=1.000000,Y=1.000000,Z=1.000000)",""
Row_56,/Script/CoreUObject.Class'/Script/Anvil.EntityActor',"(X=0.000000,Y=0.000000,Z=0.000000)","(Pitch=0.000000,Yaw=0.000000,Roll=0.000000)","(X=1.000000,Y=1.000000,Z=1.000000)",""
Row_57,/Script/CoreUObject.Class'/Script/Anvil.EntityActor',"(X=0.000000,Y=0.000000,Z=0.000000)","(Pitch=0.000000,Yaw=0.000000,Roll=0.000000)","(X=1.000000,Y=1.000000,Z=1.000000)",""
Row_58,/Script/Engine.BlueprintGeneratedClass'/Game/Blueprints/VisActors/Resources/BPVisLatticeMine.BPVisLatticeMine_C',"(X=0.000000,Y=0.000000,Z=0.000000)","(Pitch=0.000000,Yaw=0.000000,Roll=0.000000)","(X=1.000000,Y=1.000000,Z=1.000000)",""
Row_59,/Script/CoreUObject.Class'/Script/Anvil.EntityActor',"(X=0.000000,Y=0.000000,Z=0.000000)","(Pitch=0.000000,Yaw=0.000000,Roll=0.000000)","(X=1.000000,Y=1.000000,Z=1.000000)",""
Row_60,/Script/Engine.BlueprintGeneratedClass'/Game/Blueprints/VisActors/Resources/BPVisLatticeMine.BPVisLatticeMine_C',"(X=0.000000,Y=0.000000,Z=0.000000)","(Pitch=0.000000,Yaw=0.000000,Roll=0.000000)","(X=1.000000,Y=1.000000,Z=1.000000)",""
Row_61,/Script/CoreUObject.Class'/Script/Anvil.EntityActor',"(X=0.000000,Y=0.000000,Z=0.000000)","(Pitch=0.000000,Yaw=0.000000,Roll=0.000000)","(X=1.000000,Y=1.000000,Z=1.000000)",""
Row_62,/Script/Engine.BlueprintGeneratedClass'/Game/Blueprints/VisActors/Resources/BPVisLatticeMine.BPVisLatticeMine_C',"(X=0.000000,Y=0.000000,Z=0.000000)","(Pitch=0.000000,Yaw=0.000000,Roll=0.000000)","(X=1.000000,Y=1.000000,Z=1.000000)",""
Row_63,/Script/CoreUObject.Class'/Script/Anvil.EntityActor',"(X=0.000000,Y=0.000000,Z=0.000000)","(Pitch=0.000000,Yaw=0.000000,Roll=0.000000)","(X=1.000000,Y=1.000000,Z=1.000000)",""
Row_64,/Script/Engine.BlueprintGeneratedClass'/Game/Blueprints/VisActors/Resources/BPVisLatticeMine.BPVisLatticeMine_C',"(X=0.000000,Y=0.000000,Z=0.000000)","(Pitch=0.000000,Yaw=0.000000,Roll=0.000000)","(X=1.000000,Y=1.000000,Z=1.000000)",""
Row_65,/Script/CoreUObject.Class'/Script/Anvil.EntityActor',"(X=0.000000,Y=0.000000,Z=0.000000)","(Pitch=0.000000,Yaw=0.000000,Roll=0.000000)","(X=1.000000,Y=1.000000,Z=1.000000)",""
Row_66,/Script/CoreUObject.Class'/Script/Anvil.EntityActor',"(X=0.000000,Y=0.000000,Z=0.000000)","(Pitch=0.000000,Yaw=0.000000,Roll=0.000000)","(X=1.000000,Y=1.000000,Z=1.000000)",""
Row_67,/Script/CoreUObject.Class'/Script/Anvil.EntityActor',"(X=0.000000,Y=0.000000,Z=0.000000)","(Pitch=0.000000,Yaw=0.000000,Roll=0.000000)","(X=1.000000,Y=1.000000,Z=1.000000)",""
Row_68,/Script/CoreUObject.Class'/Script/Anvil.EntityActor',"(X=0.000000,Y=0.000000,Z=0.000000)","(Pitch=0.000000,Yaw=0.000000,Roll=0.000000)","(X=1.000000,Y=1.000000,Z=1.000000)",""
Row_69,/Script/CoreUObject.Class'/Script/Anvil.EntityActor',"(X=0.000000,Y=0.000000,Z=0.000000)","(Pitch=0.000000,Yaw=0.000000,Roll=0.000000)","(X=1.000000,Y=1.000000,Z=1.000000)",""
Row_70,/Script/CoreUObject.Class'/Script/Anvil.EntityActor',"(X=0.000000,Y=0.000000,Z=0.000000)","(Pitch=0.000000,Yaw=0.000000,Roll=0.000000)","(X=1.000000,Y=1.000000,Z=1.000000)",""
Row_71,/Script/CoreUObject.Class'/Script/Anvil.EntityActor',"(X=0.000000,Y=0.000000,Z=0.000000)","(Pitch=0.000000,Yaw=0.000000,Roll=0.000000)","(X=1.000000,Y=1.000000,Z=1.000000)",""
Row_72,/Script/CoreUObject.Class'/Script/Anvil.EntityActor',"(X=0.000000,Y=0.000000,Z=0.000000)","(Pitch=0.000000,Yaw=0.000000,Roll=0.000000)","(X=1.000000,Y=1.000000,Z=1.000000)",""
Row_73,/Script/CoreUObject.Class'/Script/Anvil.EntityActor',"(X=0.000000,Y=0.000000,Z=0.000000)","(Pitch=0.000000,Yaw=0.000000,Roll=0.000000)","(X=1.000000,Y=1.000000,Z=1.000000)",""
Row_74,/Script/CoreUObject.Class'/Script/Anvil.EntityActor',"(X=0.000000,Y=0.000000,Z=0.000000)","(Pitch=0.000000,Yaw=0.000000,Roll=0.000000)","(X=1.000000,Y=1.000000,Z=1.000000)",""
Row_75,/Script/CoreUObject.Class'/Script/Anvil.EntityActor',"(X=0.000000,Y=0.000000,Z=0.000000)","(Pitch=0.000000,Yaw=0.000000,Roll=0.000000)","(X=1.000000,Y=1.000000,Z=1.000000)",""
Row_76,/Script/CoreUObject.Class'/Script/Anvil.EntityActor',"(X=0.000000,Y=0.000000,Z=0.000000)","(Pitch=0.000000,Yaw=0.000000,Roll=0.000000)","(X=1.000000,Y=1.000000,Z=1.000000)",""
Row_77,/Script/CoreUObject.Class'/Script/Anvil.EntityActor',"(X=0.000000,Y=0.000000,Z=0.000000)","(Pitch=0.000000,Yaw=0.000000,Roll=0.000000)","(X=1.000000,Y=1.000000,Z=1.000000)",""
Row_78,/Script/CoreUObject.Class'/Script/Anvil.EntityActor',"(X=0.000000,Y=0.000000,Z=0.000000)","(Pitch=0.000000,Yaw=0.000000,Roll=0.000000)","(X=1.000000,Y=1.000000,Z=1.000000)",""
Row_79,/Script/Engine.BlueprintGeneratedClass'/Game/Blueprints/VisActors/Resources/BPVisLatticeMine.BPVisLatticeMine_C',"(X=0.000000,Y=0.000000,Z=0.000000)","(Pitch=0.000000,Yaw=0.000000,Roll=0.000000)","(X=1.000000,Y=1.000000,Z=1.000000)",""
Row_80,/Script/CoreUObject.Class'/Script/Anvil.EntityActor',"(X=0.000000,Y=0.000000,Z=0.000000)","(Pitch=0.000000,Yaw=0.000000,Roll=0.000000)","(X=1.000000,Y=1.000000,Z=1.000000)",""
Row_81,/Script/Engine.BlueprintGeneratedClass'/Game/Blueprints/VisActors/Resources/BPVisLatticeMine.BPVisLatticeMine_C',"(X=0.000000,Y=0.000000,Z=0.000000)","(Pitch=0.000000,Yaw=0.000000,Roll=0.000000)","(X=1.000000,Y=1.000000,Z=1.000000)",""
Row_82,/Script/CoreUObject.Class'/Script/Anvil.EntityActor',"(X=0.000000,Y=0.000000,Z=0.000000)","(Pitch=0.000000,Yaw=0.000000,Roll=0.000000)","(X=1.000000,Y=1.000000,Z=1.000000)",""
Row_83,/Script/Engine.BlueprintGeneratedClass'/Game/Blueprints/VisActors/Resources/BPVisLatticeMine.BPVisLatticeMine_C',"(X=0.000000,Y=0.000000,Z=0.000000)","(Pitch=0.000000,Yaw=0.000000,Roll=0.000000)","(X=1.000000,Y=1.000000,Z=1.000000)",""
Row_84,/Script/CoreUObject.Class'/Script/Anvil.EntityActor',"(X=0.000000,Y=0.000000,Z=0.000000)","(Pitch=0.000000,Yaw=0.000000,Roll=0.000000)","(X=1.000000,Y=1.000000,Z=1.000000)",""
Row_85,/Script/Engine.BlueprintGeneratedClass'/Game/Blueprints/VisActors/Resources/BPVisLatticeMine.BPVisLatticeMine_C',"(X=0.000000,Y=0.000000,Z=0.000000)","(Pitch=0.000000,Yaw=0.000000,Roll=0.000000)","(X=1.000000,Y=1.000000,Z=1.000000)",""
Row_86,/Script/CoreUObject.Class'/Script/Anvil.VisBuildSite',"(X=0.000000,Y=0.000000,Z=0.000000)","(Pitch=0.000000,Yaw=0.000000,Roll=0.000000)","(X=1.000000,Y=1.000000,Z=1.000000)",""
Row_87,/Script/CoreUObject.Class'/Script/Anvil.VisBuildSite',"(X=0.000000,Y=0.000000,Z=0.000000)","(Pitch=0.000000,Yaw=0.000000,Roll=0.000000)","(X=1.000000,Y=1.000000,Z=1.000000)",""
Row_88,/Script/CoreUObject.Class'/Script/Anvil.VisBuildSite',"(X=0.000000,Y=0.000000,Z=0.000000)","(Pitch=0.000000,Yaw=0.000000,Roll=0.000000)","(X=1.000000,Y=1.000000,Z=1.000000)",""
Row_89,/Script/CoreUObject.Class'/Script/Anvil.VisBuildSite',"(X=0.000000,Y=0.000000,Z=0.000000)","(Pitch=0.000000,Yaw=0.000000,Roll=0.000000)","(X=1.000000,Y=1.000000,Z=1.000000)",""
Row_90,/Script/CoreUObject.Class'/Script/Anvil.VisBuildSite',"(X=0.000000,Y=0.000000,Z=0.000000)","(Pitch=0.000000,Yaw=0.000000,Roll=0.000000)","(X=1.000000,Y=1.000000,Z=1.000000)",""
Row_91,/Script/CoreUObject.Class'/Script/Anvil.VisBuildSite',"(X=0.000000,Y=0.000000,Z=0.000000)","(Pitch=0.000000,Yaw=0.000000,Roll=0.000000)","(X=1.000000,Y=1.000000,Z=1.000000)",""
Row_92,/Script/CoreUObject.Class'/Script/Anvil.VisBuildSite',"(X=0.000000,Y=0.000000,Z=0.000000)","(Pitch=0.000000,Yaw=0.000000,Roll=0.000000)","(X=1.000000,Y=1.000000,Z=1.000000)",""
Row_93,/Script/CoreUObject.Class'/Script/Anvil.VisBuildSite',"(X=0.000000,Y=0.000000,Z=0.000000)","(Pitch=0.000000,Yaw=0.000000,Roll=0.000000)","(X=1.000000,Y=1.000000,Z=1.000000)",""
Row_94,/Script/CoreUObject.Class'/Script/Anvil.VisBuildSite',"(X=0.000000,Y=0.000000,Z=0.000000)","(Pitch=0.000000,Yaw=0.000000,Roll=0.000000)","(X=1.000000,Y=1.000000,Z=1.000000)",""
Row_95,/Script/CoreUObject.Class'/Script/Anvil.VisBuildSite',"(X=0.000000,Y=0.000000,Z=0.000000)","(Pitch=0.000000,Yaw=0.000000,Roll=0.000000)","(X=1.000000,Y=1.000000,Z=1.000000)",""
Row_96,/Script/CoreUObject.Class'/Script/Anvil.VisBuildSite',"(X=0.000000,Y=0.000000,Z=0.000000)","(Pitch=0.000000,Yaw=0.000000,Roll=0.000000)","(X=1.000000,Y=1.000000,Z=1.000000)",""
Row_97,/Script/CoreUObject.Class'/Script/Anvil.VisBuildSite',"(X=0.000000,Y=0.000000,Z=0.000000)","(Pitch=0.000000,Yaw=0.000000,Roll=0.000000)","(X=1.000000,Y=1.000000,Z=1.000000)",""
Row_98,/Script/CoreUObject.Class'/Script/Anvil.VisBuildSite',"(X=0.000000,Y=0.000000,Z=0.000000)","(Pitch=0.000000,Yaw=0.000000,Roll=0.000000)","(X=1.000000,Y=1.000000,Z=1.000000)",""
Row_99,/Script/CoreUObject.Class'/Script/Anvil.VisBuildSite',"(X=0.000000,Y=0.000000,Z=0.000000)","(Pitch=0.000000,Yaw=0.000000,Roll=0.000000)","(X=1.000000,Y=1.000000,Z=1.000000)",""
Row_100,/Script/CoreUObject.Class'/Script/Anvil.VisBuildSite',"(X=0.000000,Y=0.000000,Z=0.000000)","(Pitch=0.000000,Yaw=0.000000,Roll=0.000000)","(X=1.000000,Y=1.000000,Z=1.000000)",""
Row_101,/Script/CoreUObject.Class'/Script/Anvil.VisBuildSite',"(X=0.000000,Y=0.000000,Z=0.000000)","(Pitch=0.000000,Yaw=0.000000,Roll=0.000000)","(X=1.000000,Y=1.000000,Z=1.000000)",""
Row_102,/Script/CoreUObject.Class'/Script/Anvil.VisBuildSite',"(X=0.000000,Y=0.000000,Z=0.000000)","(Pitch=0.000000,Yaw=0.000000,Roll=0.000000)","(X=1.000000,Y=1.000000,Z=1.000000)",""
Row_103,/Script/CoreUObject.Class'/Script/Anvil.VisBuildSite',"(X=0.000000,Y=0.000000,Z=0.000000)","(Pitch=0.000000,Yaw=0.000000,Roll=0.000000)","(X=1.000000,Y=1.000000,Z=1.000000)",""
Row_104,/Script/CoreUObject.Class'/Script/Anvil.VisBuildSite',"(X=0.000000,Y=0.000000,Z=0.000000)","(Pitch=0.000000,Yaw=0.000000,Roll=0.000000)","(X=1.000000,Y=1.000000,Z=1.000000)",""
Row_105,/Script/CoreUObject.Class'/Script/Anvil.VisBuildSite',"(X=0.000000,Y=0.000000,Z=0.000000)","(Pitch=0.000000,Yaw=0.000000,Roll=0.000000)","(X=1.000000,Y=1.000000,Z=1.000000)",""
Row_106,/Script/CoreUObject.Class'/Script/Anvil.VisBuildSite',"(X=0.000000,Y=0.000000,Z=0.000000)","(Pitch=0.000000,Yaw=0.000000,Roll=0.000000)","(X=1.000000,Y=1.000000,Z=1.000000)",""
Row_107,/Script/CoreUObject.Class'/Script/Anvil.VisBuildSite',"(X=0.000000,Y=0.000000,Z=0.000000)","(Pitch=0.000000,Yaw=0.000000,Roll=0.000000)","(X=1.000000,Y=1.000000,Z=1.000000)",""
Row_108,/Script/CoreUObject.Class'/Script/Anvil.VisBuildSite',"(X=0.000000,Y=0.000000,Z=0.000000)","(Pitch=0.000000,Yaw=0.000000,Roll=0.000000)","(X=1.000000,Y=1.000000,Z=1.000000)",""
Row_109,/Script/CoreUObject.Class'/Script/Anvil.VisBuildSite',"(X=0.000000,Y=0.000000,Z=0.000000)","(Pitch=0.000000,Yaw=0.000000,Roll=0.000000)","(X=1.000000,Y=1.000000,Z=1.000000)",""
Row_110,/Script/CoreUObject.Class'/Script/Anvil.VisBuildSite',"(X=0.000000,Y=0.000000,Z=0.000000)","(Pitch=0.000000,Yaw=0.000000,Roll=0.000000)","(X=1.000000,Y=1.000000,Z=1.000000)",""
Row_111,/Script/CoreUObject.Class'/Script/Anvil.VisBuildSite',"(X=0.000000,Y=0.000000,Z=0.000000)","(Pitch=0.000000,Yaw=0.000000,Roll=0.000000)","(X=1.000000,Y=1.000000,Z=1.000000)",""
Row_112,/Script/CoreUObject.Class'/Script/Anvil.VisBuildSite',"(X=0.000000,Y=0.000000,Z=0.000000)","(Pitch=0.000000,Yaw=0.000000,Roll=0.000000)","(X=1.000000,Y=1.000000,Z=1.000000)",""
Row_113,/Script/CoreUObject.Class'/Script/Anvil.VisBuildSite',"(X=0.000000,Y=0.000000,Z=0.000000)","(Pitch=0.000000,Yaw=0.000000,Roll=0.000000)","(X=1.000000,Y=1.000000,Z=1.000000)",""
Row_114,/Script/CoreUObject.Class'/Script/Anvil.VisBuildSite',"(X=0.000000,Y=0.000000,Z=0.000000)","(Pitch=0.000000,Yaw=0.000000,Roll=0.000000)","(X=1.000000,Y=1.000000,Z=1.000000)",""
Row_115,/Script/CoreUObject.Class'/Script/Anvil.VisBuildSite',"(X=0.000000,Y=0.000000,Z=0.000000)","(Pitch=0.000000,Yaw=0.000000,Roll=0.000000)","(X=1.000000,Y=1.000000,Z=1.000000)",""
Row_116,/Script/CoreUObject.Class'/Script/Anvil.VisBuildSite',"(X=0.000000,Y=0.000000,Z=0.000000)","(Pitch=0.000000,Yaw=0.000000,Roll=0.000000)","(X=1.000000,Y=1.000000,Z=1.000000)",""
Row_117,/Script/CoreUObject.Class'/Script/Anvil.VisBuildSite',"(X=0.000000,Y=0.000000,Z=0.000000)","(Pitch=0.000000,Yaw=0.000000,Roll=0.000000)","(X=1.000000,Y=1.000000,Z=1.000000)",""
Row_118,/Script/CoreUObject.Class'/Script/Anvil.VisBuildSite',"(X=0.000000,Y=0.000000,Z=0.000000)","(Pitch=0.000000,Yaw=0.000000,Roll=0.000000)","(X=1.000000,Y=1.000000,Z=1.000000)",""
Row_119,/Script/CoreUObject.Class'/Script/Anvil.VisBuildSite',"(X=0.000000,Y=0.000000,Z=0.000000)","(Pitch=0.000000,Yaw=0.000000,Roll=0.000000)","(X=1.000000,Y=1.000000,Z=1.000000)",""
Row_120,/Script/CoreUObject.Class'/Script/Anvil.VisBuildSite',"(X=0.000000,Y=0.000000,Z=0.000000)","(Pitch=0.000000,Yaw=0.000000,Roll=0.000000)","(X=1.000000,Y=1.000000,Z=1.000000)",""
Row_121,/Script/CoreUObject.Class'/Script/Anvil.VisBuildSite',"(X=0.000000,Y=0.000000,Z=0.000000)","(Pitch=0.000000,Yaw=0.000000,Roll=0.000000)","(X=1.000000,Y=1.000000,Z=1.000000)",""
Row_122,/Script/CoreUObject.Class'/Script/Anvil.VisBuildSite',"(X=0.000000,Y=0.000000,Z=0.000000)","(Pitch=0.000000,Yaw=0.000000,Roll=0.000000)","(X=1.000000,Y=1.000000,Z=1.000000)",""
Row_123,/Script/CoreUObject.Class'/Script/Anvil.VisBuildSite',"(X=0.000000,Y=0.000000,Z=0.000000)","(Pitch=0.000000,Yaw=0.000000,Roll=0.000000)","(X=1.000000,Y=1.000000,Z=1.000000)",""
Row_124,/Script/CoreUObject.Class'/Script/Anvil.VisBuildSite',"(X=0.000000,Y=0.000000,Z=0.000000)","(Pitch=0.000000,Yaw=0.000000,Roll=0.000000)","(X=1.000000,Y=1.000000,Z=1.000000)",""
Row_125,/Script/CoreUObject.Class'/Script/Anvil.VisBuildSite',"(X=0.000000,Y=0.000000,Z=0.000000)","(Pitch=0.000000,Yaw=0.000000,Roll=0.000000)","(X=1.000000,Y=1.000000,Z=1.000000)",""
Row_126,/Script/CoreUObject.Class'/Script/Anvil.VisBuildSite',"(X=0.000000,Y=0.000000,Z=0.000000)","(Pitch=0.000000,Yaw=0.000000,Roll=0.000000)","(X=1.000000,Y=1.000000,Z=1.000000)",""
Row_127,/Script/CoreUObject.Class'/Script/Anvil.VisBuildSite',"(X=0.000000,Y=0.000000,Z=0.000000)","(Pitch=0.000000,Yaw=0.000000,Roll=0.000000)","(X=1.000000,Y=1.000000,Z=1.000000)",""
Row_128,/Script/CoreUObject.Class'/Script/Anvil.VisBuildSite',"(X=0.000000,Y=0.000000,Z=0.000000)","(Pitch=0.000000,Yaw=0.000000,Roll=0.000000)","(X=1.000000,Y=1.000000,Z=1.000000)",""
Row_129,/Script/CoreUObject.Class'/Script/Anvil.VisBuildSite',"(X=0.000000,Y=0.000000,Z=0.000000)","(Pitch=0.000000,Yaw=0.000000,Roll=0.000000)","(X=1.000000,Y=1.000000,Z=1.000000)",""
Row_130,/Script/CoreUObject.Class'/Script/Anvil.VisBuildSite',"(X=0.000000,Y=0.000000,Z=0.000000)","(Pitch=0.000000,Yaw=0.000000,Roll=0.000000)","(X=1.000000,Y=1.000000,Z=1.000000)",""
Row_131,/Script/CoreUObject.Class'/Script/Anvil.VisBuildSite',"(X=0.000000,Y=0.000000,Z=0.000000)","(Pitch=0.000000,Yaw=0.000000,Roll=0.000000)","(X=1.000000,Y=1.000000,Z=1.000000)",""
Row_132,/Script/CoreUObject.Class'/Script/Anvil.VisBuildSite',"(X=0.000000,Y=0.000000,Z=0.000000)","(Pitch=0.000000,Yaw=0.000000,Roll=0.000000)","(X=1.000000,Y=1.000000,Z=1.000000)",""
Row_133,/Script/CoreUObject.Class'/Script/Anvil.VisBuildSite',"(X=0.000000,Y=0.000000,Z=0.000000)","(Pitch=0.000000,Yaw=0.000000,Roll=0.000000)","(X=1.000000,Y=1.000000,Z=1.000000)",""
Row_134,/Script/CoreUObject.Class'/Script/Anvil.VisBuildSite',"(X=0.000000,Y=0.000000,Z=0.000000)","(Pitch=0.000000,Yaw=0.000000,Roll=0.000000)","(X=1.000000,Y=1.000000,Z=1.000000)",""
Row_135,/Script/CoreUObject.Class'/Script/Anvil.VisBuildSite',"(X=0.000000,Y=0.000000,Z=0.000000)","(Pitch=0.000000,Yaw=0.000000,Roll=0.000000)","(X=1.000000,Y=1.000000,Z=1.000000)",""
Row_136,/Script/CoreUObject.Class'/Script/Anvil.VisBuildSite',"(X=0.000000,Y=0.000000,Z=0.000000)","(Pitch=0.000000,Yaw=0.000000,Roll=0.000000)","(X=1.000000,Y=1.000000,Z=1.000000)",""
Row_137,/Script/CoreUObject.Class'/Script/Anvil.VisBuildSite',"(X=0.000000,Y=0.000000,Z=0.000000)","(Pitch=0.000000,Yaw=0.000000,Roll=0.000000)","(X=1.000000,Y=1.000000,Z=1.000000)",""
Row_138,/Script/CoreUObject.Class'/Script/Anvil.VisBuildSite',"(X=0.000000,Y=0.000000,Z=0.000000)","(Pitch=0.000000,Yaw=0.000000,Roll=0.000000)","(X=1.000000,Y=1.000000,Z=1.000000)",""
Row_139,/Script/CoreUObject.Class'/Script/Anvil.VisBuildSite',"(X=0.000000,Y=0.000000,Z=0.000000)","(Pitch=0.000000,Yaw=0.000000,Roll=0.000000)","(X=1.000000,Y=1.000000,Z=1.000000)",""
Row_140,/Script/CoreUObject.Class'/Script/Anvil.VisBuildSite',"(X=0.000000,Y=0.000000,Z=0.000000)","(Pitch=0.000000,Yaw=0.000000,Roll=0.000000)","(X=1.000000,Y=1.000000,Z=1.000000)",""
Row_141,/Script/CoreUObject.Class'/Script/Anvil.VisBuildSite',"(X=0.000000,Y=0.000000,Z=0.000000)","(Pitch=0.000000,Yaw=0.000000,Roll=0.000000)","(X=1.000000,Y=1.000000,Z=1.000000)",""
Row_142,/Script/CoreUObject.Class'/Script/Anvil.VisBuildSite',"(X=0.000000,Y=0.000000,Z=0.000000)","(Pitch=0.000000,Yaw=0.000000,Roll=0.000000)","(X=1.000000,Y=1.000000,Z=1.000000)",""
Row_143,/Script/CoreUObject.Class'/Script/Anvil.VisBuildSite',"(X=0.000000,Y=0.000000,Z=0.000000)","(Pitch=0.000000,Yaw=0.000000,Roll=0.000000)","(X=1.000000,Y=1.000000,Z=1.000000)",""
Row_144,/Script/CoreUObject.Class'/Script/Anvil.VisBuildSite',"(X=0.000000,Y=0.000000,Z=0.000000)","(Pitch=0.000000,Yaw=0.000000,Roll=0.000000)","(X=1.000000,Y=1.000000,Z=1.000000)",""
Row_145,/Script/CoreUObject.Class'/Script/Anvil.VisBuildSite',"(X=0.000000,Y=0.000000,Z=0.000000)","(Pitch=0.000000,Yaw=0.000000,Roll=0.000000)","(X=1.000000,Y=1.000000,Z=1.000000)",""
Row_146,/Script/CoreUObject.Class'/Script/Anvil.VisBuildSite',"(X=0.000000,Y=0.000000,Z=0.000000)","(Pitch=0.000000,Yaw=0.000000,Roll=0.000000)","(X=1.000000,Y=1.000000,Z=1.000000)",""
Row_147,/Script/CoreUObject.Class'/Script/Anvil.VisBuildSite',"(X=0.000000,Y=0.000000,Z=0.000000)","(Pitch=0.000000,Yaw=0.000000,Roll=0.000000)","(X=1.000000,Y=1.000000,Z=1.000000)",""
Row_148,/Script/CoreUObject.Class'/Script/Anvil.VisBuildSite',"(X=0.000000,Y=0.000000,Z=0.000000)","(Pitch=0.000000,Yaw=0.000000,Roll=0.000000)","(X=1.000000,Y=1.000000,Z=1.000000)",""
Row_149,/Script/CoreUObject.Class'/Script/Anvil.VisBuildSite',"(X=0.000000,Y=0.000000,Z=0.000000)","(Pitch=0.000000,Yaw=0.000000,Roll=0.000000)","(X=1.000000,Y=1.000000,Z=1.000000)",""
Row_150,/Script/CoreUObject.Class'/Script/Anvil.VisBuildSite',"(X=0.000000,Y=0.000000,Z=0.000000)","(Pitch=0.000000,Yaw=0.000000,Roll=0.000000)","(X=1.000000,Y=1.000000,Z=1.000000)",""
Row_151,/Script/CoreUObject.Class'/Script/Anvil.VisBuildSite',"(X=0.000000,Y=0.000000,Z=0.000000)","(Pitch=0.000000,Yaw=0.000000,Roll=0.000000)","(X=1.000000,Y=1.000000,Z=1.000000)",""
Row_152,/Script/CoreUObject.Class'/Script/Anvil.VisBuildSite',"(X=0.000000,Y=0.000000,Z=0.000000)","(Pitch=0.000000,Yaw=0.000000,Roll=0.000000)","(X=1.000000,Y=1.000000,Z=1.000000)",""
Row_153,/Script/CoreUObject.Class'/Script/Anvil.VisBuildSite',"(X=0.000000,Y=0.000000,Z=0.000000)","(Pitch=0.000000,Yaw=0.000000,Roll=0.000000)","(X=1.000000,Y=1.000000,Z=1.000000)",""
Row_154,/Script/CoreUObject.Class'/Script/Anvil.VisBuildSite',"(X=0.000000,Y=0.000000,Z=0.000000)","(Pitch=0.000000,Yaw=0.000000,Roll=0.000000)","(X=1.000000,Y=1.000000,Z=1.000000)",""
Row_155,/Script/CoreUObject.Class'/Script/Anvil.VisBuildSite',"(X=0.000000,Y=0.000000,Z=0.000000)","(Pitch=0.000000,Yaw=0.000000,Roll=0.000000)","(X=1.000000,Y=1.000000,Z=1.000000)",""
Row_156,/Script/CoreUObject.Class'/Script/Anvil.VisBuildSite',"(X=0.000000,Y=0.000000,Z=0.000000)","(Pitch=0.000000,Yaw=0.000000,Roll=0.000000)","(X=1.000000,Y=1.000000,Z=1.000000)",""
Row_157,/Script/CoreUObject.Class'/Script/Anvil.VisBuildSite',"(X=0.000000,Y=0.000000,Z=0.000000)","(Pitch=0.000000,Yaw=0.000000,Roll=0.000000)","(X=1.000000,Y=1.000000,Z=1.000000)",""
Row_158,/Script/CoreUObject.Class'/Script/Anvil.VisBuildSite',"(X=0.000000,Y=0.000000,Z=0.000000)","(Pitch=0.000000,Yaw=0.000000,Roll=0.000000)","(X=1.000000,Y=1.000000,Z=1.000000)",""
Row_159,/Script/CoreUObject.Class'/Script/Anvil.VisBuildSite',"(X=0.000000,Y=0.000000,Z=0.000000)","(Pitch=0.000000,Yaw=0.000000,Roll=0.000000)","(X=1.000000,Y=1.000000,Z=1.000000)",""
Row_160,/Script/CoreUObject.Class'/Script/Anvil.VisBuildSite',"(X=0.000000,Y=0.000000,Z=0.000000)","(Pitch=0.000000,Yaw=0.000000,Roll=0.000000)","(X=1.000000,Y=1.000000,Z=1.000000)",""
Row_161,/Script/CoreUObject.Class'/Script/Anvil.VisBuildSite',"(X=0.000000,Y=0.000000,Z=0.000000)","(Pitch=0.000000,Yaw=0.000000,Roll=0.000000)","(X=1.000000,Y=1.000000,Z=1.000000)",""
Row_162,/Script/CoreUObject.Class'/Script/Anvil.VisBuildSite',"(X=0.000000,Y=0.000000,Z=0.000000)","(Pitch=0.000000,Yaw=0.000000,Roll=0.000000)","(X=1.000000,Y=1.000000,Z=1.000000)",""
Row_163,/Script/CoreUObject.Class'/Script/Anvil.VisBuildSite',"(X=0.000000,Y=0.000000,Z=0.000000)","(Pitch=0.000000,Yaw=0.000000,Roll=0.000000)","(X=1.000000,Y=1.000000,Z=1.000000)",""
Row_164,/Script/CoreUObject.Class'/Script/Anvil.VisBuildSite',"(X=0.000000,Y=0.000000,Z=0.000000)","(Pitch=0.000000,Yaw=0.000000,Roll=0.000000)","(X=1.000000,Y=1.000000,Z=1.000000)",""
Row_165,/Script/CoreUObject.Class'/Script/Anvil.VisBuildSite',"(X=0.000000,Y=0.000000,Z=0.000000)","(Pitch=0.000000,Yaw=0.000000,Roll=0.000000)","(X=1.000000,Y=1.000000,Z=1.000000)",""
Row_166,/Script/CoreUObject.Class'/Script/Anvil.VisBuildSite',"(X=0.000000,Y=0.000000,Z=0.000000)","(Pitch=0.000000,Yaw=0.000000,Roll=0.000000)","(X=1.000000,Y=1.000000,Z=1.000000)",""
Row_167,/Script/CoreUObject.Class'/Script/Anvil.VisBuildSite',"(X=0.000000,Y=0.000000,Z=0.000000)","(Pitch=0.000000,Yaw=0.000000,Roll=0.000000)","(X=1.000000,Y=1.000000,Z=1.000000)",""
Row_168,/Script/CoreUObject.Class'/Script/Anvil.VisBuildSite',"(X=0.000000,Y=0.000000,Z=0.000000)","(Pitch=0.000000,Yaw=0.000000,Roll=0.000000)","(X=1.000000,Y=1.000000,Z=1.000000)",""
Row_169,/Script/CoreUObject.Class'/Script/Anvil.VisBuildSite',"(X=0.000000,Y=0.000000,Z=0.000000)","(Pitch=0.000000,Yaw=0.000000,Roll=0.000000)","(X=1.000000,Y=1.000000,Z=1.000000)",""
Row_170,/Script/CoreUObject.Class'/Script/Anvil.VisBuildSite',"(X=0.000000,Y=0.000000,Z=0.000000)","(Pitch=0.000000,Yaw=0.000000,Roll=0.000000)","(X=1.000000,Y=1.000000,Z=1.000000)",""
Row_171,/Script/CoreUObject.Class'/Script/Anvil.VisBuildSite',"(X=0.000000,Y=0.000000,Z=0.000000)","(Pitch=0.000000,Yaw=0.000000,Roll=0.000000)","(X=1.000000,Y=1.000000,Z=1.000000)",""
Row_172,/Script/CoreUObject.Class'/Script/Anvil.VisBuildSite',"(X=0.000000,Y=0.000000,Z=0.000000)","(Pitch=0.000000,Yaw=0.000000,Roll=0.000000)","(X=1.000000,Y=1.000000,Z=1.000000)",""
Row_173,/Script/CoreUObject.Class'/Script/Anvil.VisBuildSite',"(X=0.000000,Y=0.000000,Z=0.000000)","(Pitch=0.000000,Yaw=0.000000,Roll=0.000000)","(X=1.000000,Y=1.000000,Z=1.000000)",""
Row_174,/Script/CoreUObject.Class'/Script/Anvil.VisBuildSite',"(X=0.000000,Y=0.000000,Z=0.000000)","(Pitch=0.000000,Yaw=0.000000,Roll=0.000000)","(X=1.000000,Y=1.000000,Z=1.000000)",""
Row_175,/Script/CoreUObject.Class'/Script/Anvil.VisBuildSite',"(X=0.000000,Y=0.000000,Z=0.000000)","(Pitch=0.000000,Yaw=0.000000,Roll=0.000000)","(X=1.000000,Y=1.000000,Z=1.000000)",""
Row_176,/Script/CoreUObject.Class'/Script/Anvil.VisBuildSite',"(X=0.000000,Y=0.000000,Z=0.000000)","(Pitch=0.000000,Yaw=0.000000,Roll=0.000000)","(X=1.000000,Y=1.000000,Z=1.000000)",""
Row_177,/Script/CoreUObject.Class'/Script/Anvil.VisBuildSite',"(X=0.000000,Y=0.000000,Z=0.000000)","(Pitch=0.000000,Yaw=0.000000,Roll=0.000000)","(X=1.000000,Y=1.000000,Z=1.000000)",""
Row_178,/Script/CoreUObject.Class'/Script/Anvil.VisBuildSite',"(X=0.000000,Y=0.000000,Z=0.000000)","(Pitch=0.000000,Yaw=0.000000,Roll=0.000000)","(X=1.000000,Y=1.000000,Z=1.000000)",""
Row_179,/Script/CoreUObject.Class'/Script/Anvil.VisBuildSite',"(X=0.000000,Y=0.000000,Z=0.000000)","(Pitch=0.000000,Yaw=0.000000,Roll=0.000000)","(X=1.000000,Y=1.000000,Z=1.000000)",""
Row_180,/Script/CoreUObject.Class'/Script/Anvil.VisBuildSite',"(X=0.000000,Y=0.000000,Z=0.000000)","(Pitch=0.000000,Yaw=0.000000,Roll=0.000000)","(X=1.000000,Y=1.000000,Z=1.000000)",""
Row_181,/Script/CoreUObject.Class'/Script/Anvil.VisBuildSite',"(X=0.000000,Y=0.000000,Z=0.000000)","(Pitch=0.000000,Yaw=0.000000,Roll=0.000000)","(X=1.000000,Y=1.000000,Z=1.000000)",""
Row_182,/Script/CoreUObject.Class'/Script/Anvil.VisBuildSite',"(X=0.000000,Y=0.000000,Z=0.000000)","(Pitch=0.000000,Yaw=0.000000,Roll=0.000000)","(X=1.000000,Y=1.000000,Z=1.000000)",""
Row_183,/Script/CoreUObject.Class'/Script/Anvil.VisBuildSite',"(X=0.000000,Y=0.000000,Z=0.000000)","(Pitch=0.000000,Yaw=0.000000,Roll=0.000000)","(X=1.000000,Y=1.000000,Z=1.000000)",""
Row_184,/Script/CoreUObject.Class'/Script/Anvil.VisBuildSite',"(X=0.000000,Y=0.000000,Z=0.000000)","(Pitch=0.000000,Yaw=0.000000,Roll=0.000000)","(X=1.000000,Y=1.000000,Z=1.000000)",""
Row_185,/Script/CoreUObject.Class'/Script/Anvil.VisBuildSite',"(X=0.000000,Y=0.000000,Z=0.000000)","(Pitch=0.000000,Yaw=0.000000,Roll=0.000000)","(X=1.000000,Y=1.000000,Z=1.000000)",""
Row_186,/Script/CoreUObject.Class'/Script/Anvil.VisBuildSite',"(X=0.000000,Y=0.000000,Z=0.000000)","(Pitch=0.000000,Yaw=0.000000,Roll=0.000000)","(X=1.000000,Y=1.000000,Z=1.000000)",""
Row_187,/Script/CoreUObject.Class'/Script/Anvil.VisBuildSite',"(X=0.000000,Y=0.000000,Z=0.000000)","(Pitch=0.000000,Yaw=0.000000,Roll=0.000000)","(X=1.000000,Y=1.000000,Z=1.000000)",""
Row_188,/Script/CoreUObject.Class'/Script/Anvil.VisBuildSite',"(X=0.000000,Y=0.000000,Z=0.000000)","(Pitch=0.000000,Yaw=0.000000,Roll=0.000000)","(X=1.000000,Y=1.000000,Z=1.000000)",""
Row_189,/Script/CoreUObject.Class'/Script/Anvil.VisBuildSite',"(X=0.000000,Y=0.000000,Z=0.000000)","(Pitch=0.000000,Yaw=0.000000,Roll=0.000000)","(X=1.000000,Y=1.000000,Z=1.000000)",""
Row_190,/Script/CoreUObject.Class'/Script/Anvil.VisBuildSite',"(X=0.000000,Y=0.000000,Z=0.000000)","(Pitch=0.000000,Yaw=0.000000,Roll=0.000000)","(X=1.000000,Y=1.000000,Z=1.000000)",""
Row_191,/Script/CoreUObject.Class'/Script/Anvil.VisBuildSite',"(X=0.000000,Y=0.000000,Z=0.000000)","(Pitch=0.000000,Yaw=0.000000,Roll=0.000000)","(X=1.000000,Y=1.000000,Z=1.000000)",""
Row_192,/Script/CoreUObject.Class'/Script/Anvil.VisBuildSite',"(X=0.000000,Y=0.000000,Z=0.000000)","(Pitch=0.000000,Yaw=0.000000,Roll=0.000000)","(X=1.000000,Y=1.000000,Z=1.000000)",""
Row_193,/Script/CoreUObject.Class'/Script/Anvil.VisBuildSite',"(X=0.000000,Y=0.000000,Z=0.000000)","(Pitch=0.000000,Yaw=0.000000,Roll=0.000000)","(X=1.000000,Y=1.000000,Z=1.000000)",""
Row_194,/Script/CoreUObject.Class'/Script/Anvil.VisBuildSite',"(X=0.000000,Y=0.000000,Z=0.000000)","(Pitch=0.000000,Yaw=0.000000,Roll=0.000000)","(X=1.000000,Y=1.000000,Z=1.000000)",""
Row_195,/Script/CoreUObject.Class'/Script/Anvil.VisBuildSite',"(X=0.000000,Y=0.000000,Z=0.000000)","(Pitch=0.000000,Yaw=0.000000,Roll=0.000000)","(X=1.000000,Y=1.000000,Z=1.000000)",""
Row_196,/Script/CoreUObject.Class'/Script/Anvil.VisBuildSite',"(X=0.000000,Y=0.000000,Z=0.000000)","(Pitch=0.000000,Yaw=0.000000,Roll=0.000000)","(X=1.000000,Y=1.000000,Z=1.000000)",""
Row_197,/Script/CoreUObject.Class'/Script/Anvil.VisBuildSite',"(X=0.000000,Y=0.000000,Z=0.000000)","(Pitch=0.000000,Yaw=0.000000,Roll=0.000000)","(X=1.000000,Y=1.000000,Z=1.000000)",""
Row_198,/Script/CoreUObject.Class'/Script/Anvil.VisBuildSite',"(X=0.000000,Y=0.000000,Z=0.000000)","(Pitch=0.000000,Yaw=0.000000,Roll=0.000000)","(X=1.000000,Y=1.000000,Z=1.000000)",""
Row_199,/Script/CoreUObject.Class'/Script/Anvil.VisBuildSite',"(X=0.000000,Y=0.000000,Z=0.000000)","(Pitch=0.000000,Yaw=0.000000,Roll=0.000000)","(X=1.000000,Y=1.000000,Z=1.000000)",""
Row_200,/Script/CoreUObject.Class'/Script/Anvil.VisBuildSite',"(X=0.000000,Y=0.000000,Z=0.000000)","(Pitch=0.000000,Yaw=0.000000,Roll=0.000000)","(X=1.000000,Y=1.000000,Z=1.000000)",""
Row_201,/Script/CoreUObject.Class'/Script/Anvil.VisBuildSite',"(X=0.000000,Y=0.000000,Z=0.000000)","(Pitch=0.000000,Yaw=0.000000,Roll=0.000000)","(X=1.000000,Y=1.000000,Z=1.000000)",""
Row_202,/Script/CoreUObject.Class'/Script/Anvil.VisBuildSite',"(X=0.000000,Y=0.000000,Z=0.000000)","(Pitch=0.000000,Yaw=0.000000,Roll=0.000000)","(X=1.000000,Y=1.000000,Z=1.000000)",""
Row_203,/Script/CoreUObject.Class'/Script/Anvil.VisBuildSite',"(X=0.000000,Y=0.000000,Z=0.000000)","(Pitch=0.000000,Yaw=0.000000,Roll=0.000000)","(X=1.000000,Y=1.000000,Z=1.000000)",""
Row_204,/Script/CoreUObject.Class'/Script/Anvil.VisBuildSite',"(X=0.000000,Y=0.000000,Z=0.000000)","(Pitch=0.000000,Yaw=0.000000,Roll=0.000000)","(X=1.000000,Y=1.000000,Z=1.000000)",""
Row_205,/Script/CoreUObject.Class'/Script/Anvil.VisBuildSite',"(X=0.000000,Y=0.000000,Z=0.000000)","(Pitch=0.000000,Yaw=0.000000,Roll=0.000000)","(X=1.000000,Y=1.000000,Z=1.000000)",""
Row_206,/Script/CoreUObject.Class'/Script/Anvil.VisBuildSite',"(X=0.000000,Y=0.000000,Z=0.000000)","(Pitch=0.000000,Yaw=0.000000,Roll=0.000000)","(X=1.000000,Y=1.000000,Z=1.000000)",""
Row_207,/Script/CoreUObject.Class'/Script/Anvil.VisBuildSite',"(X=0.000000,Y=0.000000,Z=0.000000)","(Pitch=0.000000,Yaw=0.000000,Roll=0.000000)","(X=1.000000,Y=1.000000,Z=1.000000)",""
Row_208,/Script/CoreUObject.Class'/Script/Anvil.VisBuildSite',"(X=0.000000,Y=0.000000,Z=0.000000)","(Pitch=0.000000,Yaw=0.000000,Roll=0.000000)","(X=1.000000,Y=1.000000,Z=1.000000)",""
Row_209,/Script/CoreUObject.Class'/Script/Anvil.VisBuildSite',"(X=0.000000,Y=0.000000,Z=0.000000)","(Pitch=0.000000,Yaw=0.000000,Roll=0.000000)","(X=1.000000,Y=1.000000,Z=1.000000)",""
Row_210,/Script/CoreUObject.Class'/Script/Anvil.VisBuildSite',"(X=0.000000,Y=0.000000,Z=0.000000)","(Pitch=0.000000,Yaw=0.000000,Roll=0.000000)","(X=1.000000,Y=1.000000,Z=1.000000)",""
Row_211,/Script/CoreUObject.Class'/Script/Anvil.VisBuildSite',"(X=0.000000,Y=0.000000,Z=0.000000)","(Pitch=0.000000,Yaw=0.000000,Roll=0.000000)","(X=1.000000,Y=1.000000,Z=1.000000)",""
Row_212,/Script/CoreUObject.Class'/Script/Anvil.VisBuildSite',"(X=0.000000,Y=0.000000,Z=0.000000)","(Pitch=0.000000,Yaw=0.000000,Roll=0.000000)","(X=1.000000,Y=1.000000,Z=1.000000)",""
Row_213,/Script/CoreUObject.Class'/Script/Anvil.VisBuildSite',"(X=0.000000,Y=0.000000,Z=0.000000)","(Pitch=0.000000,Yaw=0.000000,Roll=0.000000)","(X=1.000000,Y=1.000000,Z=1.000000)",""
Row_214,/Script/CoreUObject.Class'/Script/Anvil.VisBuildSite',"(X=0.000000,Y=0.000000,Z=0.000000)","(Pitch=0.000000,Yaw=0.000000,Roll=0.000000)","(X=1.000000,Y=1.000000,Z=1.000000)",""
Row_215,/Script/CoreUObject.Class'/Script/Anvil.VisBuildSite',"(X=0.000000,Y=0.000000,Z=0.000000)","(Pitch=0.000000,Yaw=0.000000,Roll=0.000000)","(X=1.000000,Y=1.000000,Z=1.000000)",""
Row_216,/Script/CoreUObject.Class'/Script/Anvil.VisBuildSite',"(X=0.000000,Y=0.000000,Z=0.000000)","(Pitch=0.000000,Yaw=0.000000,Roll=0.000000)","(X=1.000000,Y=1.000000,Z=1.000000)",""
Row_217,/Script/CoreUObject.Class'/Script/Anvil.VisBuildSite',"(X=0.000000,Y=0.000000,Z=0.000000)","(Pitch=0.000000,Yaw=0.000000,Roll=0.000000)","(X=1.000000,Y=1.000000,Z=1.000000)",""
Row_218,/Script/CoreUObject.Class'/Script/Anvil.VisBuildSite',"(X=0.000000,Y=0.000000,Z=0.000000)","(Pitch=0.000000,Yaw=0.000000,Roll=0.000000)","(X=1.000000,Y=1.000000,Z=1.000000)",""
Row_219,/Script/CoreUObject.Class'/Script/Anvil.VisBuildSite',"(X=0.000000,Y=0.000000,Z=0.000000)","(Pitch=0.000000,Yaw=0.000000,Roll=0.000000)","(X=1.000000,Y=1.000000,Z=1.000000)",""
Row_220,/Script/CoreUObject.Class'/Script/Anvil.VisBuildSite',"(X=0.000000,Y=0.000000,Z=0.000000)","(Pitch=0.000000,Yaw=0.000000,Roll=0.000000)","(X=1.000000,Y=1.000000,Z=1.000000)",""
Row_221,/Script/CoreUObject.Class'/Script/Anvil.VisBuildSite',"(X=0.000000,Y=0.000000,Z=0.000000)","(Pitch=0.000000,Yaw=0.000000,Roll=0.000000)","(X=1.000000,Y=1.000000,Z=1.000000)",""
Row_222,/Script/CoreUObject.Class'/Script/Anvil.VisBuildSite',"(X=0.000000,Y=0.000000,Z=0.000000)","(Pitch=0.000000,Yaw=0.000000,Roll=0.000000)","(X=1.000000,Y=1.000000,Z=1.000000)",""
Row_223,/Script/CoreUObject.Class'/Script/Anvil.VisBuildSite',"(X=0.000000,Y=0.000000,Z=0.000000)","(Pitch=0.000000,Yaw=0.000000,Roll=0.000000)","(X=1.000000,Y=1.000000,Z=1.000000)",""
Row_224,/Script/CoreUObject.Class'/Script/Anvil.VisBuildSite',"(X=0.000000,Y=0.000000,Z=0.000000)","(Pitch=0.000000,Yaw=0.000000,Roll=0.000000)","(X=1.000000,Y=1.000000,Z=1.000000)",""
Row_225,/Script/CoreUObject.Class'/Script/Anvil.VisBuildSite',"(X=0.000000,Y=0.000000,Z=0.000000)","(Pitch=0.000000,Yaw=0.000000,Roll=0.000000)","(X=1.000000,Y=1.000000,Z=1.000000)",""
Row_226,/Script/CoreUObject.Class'/Script/Anvil.VisBuildSite',"(X=0.000000,Y=0.000000,Z=0.000000)","(Pitch=0.000000,Yaw=0.000000,Roll=0.000000)","(X=1.000000,Y=1.000000,Z=1.000000)",""
Row_227,/Script/CoreUObject.Class'/Script/Anvil.VisBuildSite',"(X=0.000000,Y=0.000000,Z=0.000000)","(Pitch=0.000000,Yaw=0.000000,Roll=0.000000)","(X=1.000000,Y=1.000000,Z=1.000000)",""
Row_228,/Script/CoreUObject.Class'/Script/Anvil.VisBuildSite',"(X=0.000000,Y=0.000000,Z=0.000000)","(Pitch=0.000000,Yaw=0.000000,Roll=0.000000)","(X=1.000000,Y=1.000000,Z=1.000000)",""
Row_229,/Script/CoreUObject.Class'/Script/Anvil.VisBuildSite',"(X=0.000000,Y=0.000000,Z=0.000000)","(Pitch=0.000000,Yaw=0.000000,Roll=0.000000)","(X=1.000000,Y=1.000000,Z=1.000000)",""
Row_230,/Script/CoreUObject.Class'/Script/Anvil.VisBuildSite',"(X=0.000000,Y=0.000000,Z=0.000000)","(Pitch=0.000000,Yaw=0.000000,Roll=0.000000)","(X=1.000000,Y=1.000000,Z=1.000000)",""
Row_231,/Script/CoreUObject.Class'/Script/Anvil.VisBuildSite',"(X=0.000000,Y=0.000000,Z=0.000000)","(Pitch=0.000000,Yaw=0.000000,Roll=0.000000)","(X=1.000000,Y=1.000000,Z=1.000000)",""
Row_232,/Script/CoreUObject.Class'/Script/Anvil.VisBuildSite',"(X=0.000000,Y=0.000000,Z=0.000000)","(Pitch=0.000000,Yaw=0.000000,Roll=0.000000)","(X=1.000000,Y=1.000000,Z=1.000000)",""
Row_233,/Script/CoreUObject.Class'/Script/Anvil.VisBuildSite',"(X=0.000000,Y=0.000000,Z=0.000000)","(Pitch=0.000000,Yaw=0.000000,Roll=0.000000)","(X=1.000000,Y=1.000000,Z=1.000000)",""
Row_234,/Script/CoreUObject.Class'/Script/Anvil.VisBuildSite',"(X=0.000000,Y=0.000000,Z=0.000000)","(Pitch=0.000000,Yaw=0.000000,Roll=0.000000)","(X=1.000000,Y=1.000000,Z=1.000000)",""
Row_235,/Script/CoreUObject.Class'/Script/Anvil.VisBuildSite',"(X=0.000000,Y=0.000000,Z=0.000000)","(Pitch=0.000000,Yaw=0.000000,Roll=0.000000)","(X=1.000000,Y=1.000000,Z=1.000000)",""
Row_236,/Script/CoreUObject.Class'/Script/Anvil.VisBuildSite',"(X=0.000000,Y=0.000000,Z=0.000000)","(Pitch=0.000000,Yaw=0.000000,Roll=0.000000)","(X=1.000000,Y=1.000000,Z=1.000000)",""
Row_237,/Script/CoreUObject.Class'/Script/Anvil.VisBuildSite',"(X=0.000000,Y=0.000000,Z=0.000000)","(Pitch=0.000000,Yaw=0.000000,Roll=0.000000)","(X=1.000000,Y=1.000000,Z=1.000000)",""
Row_238,/Script/CoreUObject.Class'/Script/Anvil.VisBuildSite',"(X=0.000000,Y=0.000000,Z=0.000000)","(Pitch=0.000000,Yaw=0.000000,Roll=0.000000)","(X=1.000000,Y=1.000000,Z=1.000000)",""
Row_239,/Script/CoreUObject.Class'/Script/Anvil.VisBuildSite',"(X=0.000000,Y=0.000000,Z=0.000000)","(Pitch=0.000000,Yaw=0.000000,Roll=0.000000)","(X=1.000000,Y=1.000000,Z=1.000000)",""
Row_240,/Script/CoreUObject.Class'/Script/Anvil.VisBuildSite',"(X=0.000000,Y=0.000000,Z=0.000000)","(Pitch=0.000000,Yaw=0.000000,Roll=0.000000)","(X=1.000000,Y=1.000000,Z=1.000000)",""
Row_241,/Script/CoreUObject.Class'/Script/Anvil.VisBuildSite',"(X=0.000000,Y=0.000000,Z=0.000000)","(Pitch=0.000000,Yaw=0.000000,Roll=0.000000)","(X=1.000000,Y=1.000000,Z=1.000000)",""
Row_242,/Script/CoreUObject.Class'/Script/Anvil.VisBuildSite',"(X=0.000000,Y=0.000000,Z=0.000000)","(Pitch=0.000000,Yaw=0.000000,Roll=0.000000)","(X=1.000000,Y=1.000000,Z=1.000000)",""
Row_243,/Script/CoreUObject.Class'/Script/Anvil.VisBuildSite',"(X=0.000000,Y=0.000000,Z=0.000000)","(Pitch=0.000000,Yaw=0.000000,Roll=0.000000)","(X=1.000000,Y=1.000000,Z=1.000000)",""
Row_244,/Script/CoreUObject.Class'/Script/Anvil.VisBuildSite',"(X=0.000000,Y=0.000000,Z=0.000000)","(Pitch=0.000000,Yaw=0.000000,Roll=0.000000)","(X=1.000000,Y=1.000000,Z=1.000000)",""
Row_245,/Script/CoreUObject.Class'/Script/Anvil.VisBuildSite',"(X=0.000000,Y=0.000000,Z=0.000000)","(Pitch=0.000000,Yaw=0.000000,Roll=0.000000)","(X=1.000000,Y=1.000000,Z=1.000000)",""
Row_246,/Script/CoreUObject.Class'/Script/Anvil.VisBuildSite',"(X=0.000000,Y=0.000000,Z=0.000000)","(Pitch=0.000000,Yaw=0.000000,Roll=0.000000)","(X=1.000000,Y=1.000000,Z=1.000000)",""
Row_247,/Script/CoreUObject.Class'/Script/Anvil.VisBuildSite',"(X=0.000000,Y=0.000000,Z=0.000000)","(Pitch=0.000000,Yaw=0.000000,Roll=0.000000)","(X=1.000000,Y=1.000000,Z=1.000000)",""
Row_248,/Script/CoreUObject.Class'/Script/Anvil.VisBuildSite',"(X=0.000000,Y=0.000000,Z=0.000000)","(Pitch=0.000000,Yaw=0.000000,Roll=0.000000)","(X=1.000000,Y=1.000000,Z=1.000000)",""
Row_249,/Script/CoreUObject.Class'/Script/Anvil.VisBuildSite',"(X=0.000000,Y=0.000000,Z=0.000000)","(Pitch=0.000000,Yaw=0.000000,Roll=0.000000)","(X=1.000000,Y=1.000000,Z=1.000000)",""
Row_250,/Script/CoreUObject.Class'/Script/Anvil.VisBuildSite',"(X=0.000000,Y=0.000000,Z=0.000000)","(Pitch=0.000000,Yaw=0.000000,Roll=0.000000)","(X=1.000000,Y=1.000000,Z=1.000000)",""
Row_251,/Script/CoreUObject.Class'/Script/Anvil.VisBuildSite',"(X=0.000000,Y=0.000000,Z=0.000000)","(Pitch=0.000000,Yaw=0.000000,Roll=0.000000)","(X=1.000000,Y=1.000000,Z=1.000000)",""
Row_252,/Script/CoreUObject.Class'/Script/Anvil.VisBuildSite',"(X=0.000000,Y=0.000000,Z=0.000000)","(Pitch=0.000000,Yaw=0.000000,Roll=0.000000)","(X=1.000000,Y=1.000000,Z=1.000000)",""
Row_253,/Script/CoreUObject.Class'/Script/Anvil.VisBuildSite',"(X=0.000000,Y=0.000000,Z=0.000000)","(Pitch=0.000000,Yaw=0.000000,Roll=0.000000)","(X=1.000000,Y=1.000000,Z=1.000000)",""
Row_254,/Script/CoreUObject.Class'/Script/Anvil.VisBuildSite',"(X=0.000000,Y=0.000000,Z=0.000000)","(Pitch=0.000000,Yaw=0.000000,Roll=0.000000)","(X=1.000000,Y=1.000000,Z=1.000000)",""
Row_255,/Script/CoreUObject.Class'/Script/Anvil.VisBuildSite',"(X=0.000000,Y=0.000000,Z=0.000000)","(Pitch=0.000000,Yaw=0.000000,Roll=0.000000)","(X=1.000000,Y=1.000000,Z=1.000000)",""
Row_256,/Script/CoreUObject.Class'/Script/Anvil.VisBuildSite',"(X=0.000000,Y=0.000000,Z=0.000000)","(Pitch=0.000000,Yaw=0.000000,Roll=0.000000)","(X=1.000000,Y=1.000000,Z=1.000000)",""
Row_257,/Script/CoreUObject.Class'/Script/Anvil.VisBuildSite',"(X=0.000000,Y=0.000000,Z=0.000000)","(Pitch=0.000000,Yaw=0.000000,Roll=0.000000)","(X=1.000000,Y=1.000000,Z=1.000000)",""
Row_258,/Script/CoreUObject.Class'/Script/Anvil.VisBuildSite',"(X=0.000000,Y=0.000000,Z=0.000000)","(Pitch=0.000000,Yaw=0.000000,Roll=0.000000)","(X=1.000000,Y=1.000000,Z=1.000000)",""
Row_259,/Script/CoreUObject.Class'/Script/Anvil.VisBuildSite',"(X=0.000000,Y=0.000000,Z=0.000000)","(Pitch=0.000000,Yaw=0.000000,Roll=0.000000)","(X=1.000000,Y=1.000000,Z=1.000000)",""
Row_260,/Script/CoreUObject.Class'/Script/Anvil.VisBuildSite',"(X=0.000000,Y=0.000000,Z=0.000000)","(Pitch=0.000000,Yaw=0.000000,Roll=0.000000)","(X=1.000000,Y=1.000000,Z=1.000000)",""
Row_261,/Script/CoreUObject.Class'/Script/Anvil.VisBuildSite',"(X=0.000000,Y=0.000000,Z=0.000000)","(Pitch=0.000000,Yaw=0.000000,Roll=0.000000)","(X=1.000000,Y=1.000000,Z=1.000000)",""
Row_262,/Script/CoreUObject.Class'/Script/Anvil.VisBuildSite',"(X=0.000000,Y=0.000000,Z=0.000000)","(Pitch=0.000000,Yaw=0.000000,Roll=0.000000)","(X=1.000000,Y=1.000000,Z=1.000000)",""
Row_263,/Script/CoreUObject.Class'/Script/Anvil.VisBuildSite',"(X=0.000000,Y=0.000000,Z=0.000000)","(Pitch=0.000000,Yaw=0.000000,Roll=0.000000)","(X=1.000000,Y=1.000000,Z=1.000000)",""
Row_264,/Script/CoreUObject.Class'/Script/Anvil.VisBuildSite',"(X=0.000000,Y=0.000000,Z=0.000000)","(Pitch=0.000000,Yaw=0.000000,Roll=0.000000)","(X=1.000000,Y=1.000000,Z=1.000000)",""
Row_265,/Script/CoreUObject.Class'/Script/Anvil.VisBuildSite',"(X=0.000000,Y=0.000000,Z=0.000000)","(Pitch=0.000000,Yaw=0.000000,Roll=0.000000)","(X=1.000000,Y=1.000000,Z=1.000000)",""
Row_266,/Script/CoreUObject.Class'/Script/Anvil.VisBuildSite',"(X=0.000000,Y=0.000000,Z=0.000000)","(Pitch=0.000000,Yaw=0.000000,Roll=0.000000)","(X=1.000000,Y=1.000000,Z=1.000000)",""
Row_267,/Script/CoreUObject.Class'/Script/Anvil.VisBuildSite',"(X=0.000000,Y=0.000000,Z=0.000000)","(Pitch=0.000000,Yaw=0.000000,Roll=0.000000)","(X=1.000000,Y=1.000000,Z=1.000000)",""
Row_268,/Script/CoreUObject.Class'/Script/Anvil.VisBuildSite',"(X=0.000000,Y=0.000000,Z=0.000000)","(Pitch=0.000000,Yaw=0.000000,Roll=0.000000)","(X=1.000000,Y=1.000000,Z=1.000000)",""
Row_269,/Script/CoreUObject.Class'/Script/Anvil.VisBuildSite',"(X=0.000000,Y=0.000000,Z=0.000000)","(Pitch=0.000000,Yaw=0.000000,Roll=0.000000)","(X=1.000000,Y=1.000000,Z=1.000000)",""
Row_270,/Script/CoreUObject.Class'/Script/Anvil.VisBuildSite',"(X=0.000000,Y=0.000000,Z=0.000000)","(Pitch=0.000000,Yaw=0.000000,Roll=0.000000)","(X=1.000000,Y=1.000000,Z=1.000000)",""
Row_271,/Script/CoreUObject.Class'/Script/Anvil.VisBuildSite',"(X=0.000000,Y=0.000000,Z=0.000000)","(Pitch=0.000000,Yaw=0.000000,Roll=0.000000)","(X=1.000000,Y=1.000000,Z=1.000000)",""
Row_272,/Script/CoreUObject.Class'/Script/Anvil.VisBuildSite',"(X=0.000000,Y=0.000000,Z=0.000000)","(Pitch=0.000000,Yaw=0.000000,Roll=0.000000)","(X=1.000000,Y=1.000000,Z=1.000000)",""
Row_273,/Script/CoreUObject.Class'/Script/Anvil.VisBuildSite',"(X=0.000000,Y=0.000000,Z=0.000000)","(Pitch=0.000000,Yaw=0.000000,Roll=0.000000)","(X=1.000000,Y=1.000000,Z=1.000000)",""
Row_274,/Script/CoreUObject.Class'/Script/Anvil.VisBuildSite',"(X=0.000000,Y=0.000000,Z=0.000000)","(Pitch=0.000000,Yaw=0.000000,Roll=0.000000)","(X=1.000000,Y=1.000000,Z=1.000000)",""
Row_275,/Script/CoreUObject.Class'/Script/Anvil.VisBuildSite',"(X=0.000000,Y=0.000000,Z=0.000000)","(Pitch=0.000000,Yaw=0.000000,Roll=0.000000)","(X=1.000000,Y=1.000000,Z=1.000000)",""
Row_276,/Script/CoreUObject.Class'/Script/Anvil.VisBuildSite',"(X=0.000000,Y=0.000000,Z=0.000000)","(Pitch=0.000000,Yaw=0.000000,Roll=0.000000)","(X=1.000000,Y=1.000000,Z=1.000000)",""
Row_277,/Script/CoreUObject.Class'/Script/Anvil.VisBuildSite',"(X=0.000000,Y=0.000000,Z=0.000000)","(Pitch=0.000000,Yaw=0.000000,Roll=0.000000)","(X=1.000000,Y=1.000000,Z=1.000000)",""
Row_278,/Script/CoreUObject.Class'/Script/Anvil.VisBuildSite',"(X=0.000000,Y=0.000000,Z=0.000000)","(Pitch=0.000000,Yaw=0.000000,Roll=0.000000)","(X=1.000000,Y=1.000000,Z=1.000000)",""
Row_279,/Script/CoreUObject.Class'/Script/Anvil.VisBuildSite',"(X=0.000000,Y=0.000000,Z=0.000000)","(Pitch=0.000000,Yaw=0.000000,Roll=0.000000)","(X=1.000000,Y=1.000000,Z=1.000000)",""
Row_280,/Script/CoreUObject.Class'/Script/Anvil.VisBuildSite',"(X=0.000000,Y=0.000000,Z=0.000000)","(Pitch=0.000000,Yaw=0.000000,Roll=0.000000)","(X=1.000000,Y=1.000000,Z=1.000000)",""
Row_281,/Script/CoreUObject.Class'/Script/Anvil.VisBuildSite',"(X=0.000000,Y=0.000000,Z=0.000000)","(Pitch=0.000000,Yaw=0.000000,Roll=0.000000)","(X=1.000000,Y=1.000000,Z=1.000000)",""
Row_282,/Script/CoreUObject.Class'/Script/Anvil.VisBuildSite',"(X=0.000000,Y=0.000000,Z=0.000000)","(Pitch=0.000000,Yaw=0.000000,Roll=0.000000)","(X=1.000000,Y=1.000000,Z=1.000000)",""
Row_283,/Script/CoreUObject.Class'/Script/Anvil.VisBuildSite',"(X=0.000000,Y=0.000000,Z=0.000000)","(Pitch=0.000000,Yaw=0.000000,Roll=0.000000)","(X=1.000000,Y=1.000000,Z=1.000000)",""
Row_284,/Script/CoreUObject.Class'/Script/Anvil.VisBuildSite',"(X=0.000000,Y=0.000000,Z=0.000000)","(Pitch=0.000000,Yaw=0.000000,Roll=0.000000)","(X=1.000000,Y=1.000000,Z=1.000000)",""
Row_285,/Script/CoreUObject.Class'/Script/Anvil.VisBuildSite',"(X=0.000000,Y=0.000000,Z=0.000000)","(Pitch=0.000000,Yaw=0.000000,Roll=0.000000)","(X=1.000000,Y=1.000000,Z=1.000000)",""
Row_286,/Script/CoreUObject.Class'/Script/Anvil.VisBuildSite',"(X=0.000000,Y=0.000000,Z=0.000000)","(Pitch=0.000000,Yaw=0.000000,Roll=0.000000)","(X=1.000000,Y=1.000000,Z=1.000000)",""
Row_287,/Script/CoreUObject.Class'/Script/Anvil.VisBuildSite',"(X=0.000000,Y=0.000000,Z=0.000000)","(Pitch=0.000000,Yaw=0.000000,Roll=0.000000)","(X=1.000000,Y=1.000000,Z=1.000000)",""
Row_288,/Script/CoreUObject.Class'/Script/Anvil.VisBuildSite',"(X=0.000000,Y=0.000000,Z=0.000000)","(Pitch=0.000000,Yaw=0.000000,Roll=0.000000)","(X=1.000000,Y=1.000000,Z=1.000000)",""
Row_289,/Script/CoreUObject.Class'/Script/Anvil.VisBuildSite',"(X=0.000000,Y=0.000000,Z=0.000000)","(Pitch=0.000000,Yaw=0.000000,Roll=0.000000)","(X=1.000000,Y=1.000000,Z=1.000000)",""
Row_290,/Script/CoreUObject.Class'/Script/Anvil.VisBuildSite',"(X=0.000000,Y=0.000000,Z=0.000000)","(Pitch=0.000000,Yaw=0.000000,Roll=0.000000)","(X=1.000000,Y=1.000000,Z=1.000000)",""
Row_291,/Script/CoreUObject.Class'/Script/Anvil.VisBuildSite',"(X=0.000000,Y=0.000000,Z=0.000000)","(Pitch=0.000000,Yaw=0.000000,Roll=0.000000)","(X=1.000000,Y=1.000000,Z=1.000000)",""
Row_292,/Script/CoreUObject.Class'/Script/Anvil.VisBuildSite',"(X=0.000000,Y=0.000000,Z=0.000000)","(Pitch=0.000000,Yaw=0.000000,Roll=0.000000)","(X=1.000000,Y=1.000000,Z=1.000000)",""
Row_293,/Script/CoreUObject.Class'/Script/Anvil.VisBuildSite',"(X=0.000000,Y=0.000000,Z=0.000000)","(Pitch=0.000000,Yaw=0.000000,Roll=0.000000)","(X=1.000000,Y=1.000000,Z=1.000000)",""
Row_294,/Script/CoreUObject.Class'/Script/Anvil.VisBuildSite',"(X=0.000000,Y=0.000000,Z=0.000000)","(Pitch=0.000000,Yaw=0.000000,Roll=0.000000)","(X=1.000000,Y=1.000000,Z=1.000000)",""
Row_295,/Script/CoreUObject.Class'/Script/Anvil.VisBuildSite',"(X=0.000000,Y=0.000000,Z=0.000000)","(Pitch=0.000000,Yaw=0.000000,Roll=0.000000)","(X=1.000000,Y=1.000000,Z=1.000000)",""
Row_296,/Script/CoreUObject.Class'/Script/Anvil.VisBuildSite',"(X=0.000000,Y=0.000000,Z=0.000000)","(Pitch=0.000000,Yaw=0.000000,Roll=0.000000)","(X=1.000000,Y=1.000000,Z=1.000000)",""
Row_297,/Script/CoreUObject.Class'/Script/Anvil.VisBuildSite',"(X=0.000000,Y=0.000000,Z=0.000000)","(Pitch=0.000000,Yaw=0.000000,Roll=0.000000)","(X=1.000000,Y=1.000000,Z=1.000000)",""
Row_298,/Script/CoreUObject.Class'/Script/Anvil.VisBuildSite',"(X=0.000000,Y=0.000000,Z=0.000000)","(Pitch=0.000000,Yaw=0.000000,Roll=0.000000)","(X=1.000000,Y=1.000000,Z=1.000000)",""
Row_299,/Script/CoreUObject.Class'/Script/Anvil.VisBuildSite',"(X=0.000000,Y=0.000000,Z=0.000000)","(Pitch=0.000000,Yaw=0.000000,Roll=0.000000)","(X=1.000000,Y=1.000000,Z=1.000000)",""
Row_300,/Script/CoreUObject.Class'/Script/Anvil.VisBuildSite',"(X=0.000000,Y=0.000000,Z=0.000000)","(Pitch=0.000000,Yaw=0.000000,Roll=0.000000)","(X=1.000000,Y=1.000000,Z=1.000000)",""
Row_301,/Script/CoreUObject.Class'/Script/Anvil.VisBuildSite',"(X=0.000000,Y=0.000000,Z=0.000000)","(Pitch=0.000000,Yaw=0.000000,Roll=0.000000)","(X=1.000000,Y=1.000000,Z=1.000000)",""
Row_302,/Script/CoreUObject.Class'/Script/Anvil.VisBuildSite',"(X=0.000000,Y=0.000000,Z=0.000000)","(Pitch=0.000000,Yaw=0.000000,Roll=0.000000)","(X=1.000000,Y=1.000000,Z=1.000000)",""
Row_303,/Script/CoreUObject.Class'/Script/Anvil.VisBuildSite',"(X=0.000000,Y=0.000000,Z=0.000000)","(Pitch=0.000000,Yaw=0.000000,Roll=0.000000)","(X=1.000000,Y=1.000000,Z=1.000000)",""
Row_304,/Script/CoreUObject.Class'/Script/Anvil.VisBuildSite',"(X=0.000000,Y=0.000000,Z=0.000000)","(Pitch=0.000000,Yaw=0.000000,Roll=0.000000)","(X=1.000000,Y=1.000000,Z=1.000000)",""
Row_305,/Script/CoreUObject.Class'/Script/Anvil.VisBuildSite',"(X=0.000000,Y=0.000000,Z=0.000000)","(Pitch=0.000000,Yaw=0.000000,Roll=0.000000)","(X=1.000000,Y=1.000000,Z=1.000000)",""
Row_306,/Script/CoreUObject.Class'/Script/Anvil.VisBuildSite',"(X=0.000000,Y=0.000000,Z=0.000000)","(Pitch=0.000000,Yaw=0.000000,Roll=0.000000)","(X=1.000000,Y=1.000000,Z=1.000000)",""
Row_307,/Script/CoreUObject.Class'/Script/Anvil.VisBuildSite',"(X=0.000000,Y=0.000000,Z=0.000000)","(Pitch=0.000000,Yaw=0.000000,Roll=0.000000)","(X=1.000000,Y=1.000000,Z=1.000000)",""
Row_308,/Script/CoreUObject.Class'/Script/Anvil.VisBuildSite',"(X=0.000000,Y=0.000000,Z=0.000000)","(Pitch=0.000000,Yaw=0.000000,Roll=0.000000)","(X=1.000000,Y=1.000000,Z=1.000000)",""
Row_309,/Script/CoreUObject.Class'/Script/Anvil.VisBuildSite',"(X=0.000000,Y=0.000000,Z=0.000000)","(Pitch=0.000000,Yaw=0.000000,Roll=0.000000)","(X=1.000000,Y=1.000000,Z=1.000000)",""
Row_310,/Script/CoreUObject.Class'/Script/Anvil.VisBuildSite',"(X=0.000000,Y=0.000000,Z=0.000000)","(Pitch=0.000000,Yaw=0.000000,Roll=0.000000)","(X=1.000000,Y=1.000000,Z=1.000000)",""
Row_311,/Script/CoreUObject.Class'/Script/Anvil.VisBuildSite',"(X=0.000000,Y=0.000000,Z=0.000000)","(Pitch=0.000000,Yaw=0.000000,Roll=0.000000)","(X=1.000000,Y=1.000000,Z=1.000000)",""
Row_312,/Script/CoreUObject.Class'/Script/Anvil.VisBuildSite',"(X=0.000000,Y=0.000000,Z=0.000000)","(Pitch=0.000000,Yaw=0.000000,Roll=0.000000)","(X=1.000000,Y=1.000000,Z=1.000000)",""
Row_313,/Script/CoreUObject.Class'/Script/Anvil.VisBuildSite',"(X=0.000000,Y=0.000000,Z=0.000000)","(Pitch=0.000000,Yaw=0.000000,Roll=0.000000)","(X=1.000000,Y=1.000000,Z=1.000000)",""
Row_314,/Script/CoreUObject.Class'/Script/Anvil.VisBuildSite',"(X=0.000000,Y=0.000000,Z=0.000000)","(Pitch=0.000000,Yaw=0.000000,Roll=0.000000)","(X=1.000000,Y=1.000000,Z=1.000000)",""
Row_315,/Script/CoreUObject.Class'/Script/Anvil.VisBuildSite',"(X=0.000000,Y=0.000000,Z=0.000000)","(Pitch=0.000000,Yaw=0.000000,Roll=0.000000)","(X=1.000000,Y=1.000000,Z=1.000000)",""
Row_316,/Script/CoreUObject.Class'/Script/Anvil.VisBuildSite',"(X=0.000000,Y=0.000000,Z=0.000000)","(Pitch=0.000000,Yaw=0.000000,Roll=0.000000)","(X=1.000000,Y=1.000000,Z=1.000000)",""
Row_317,/Script/CoreUObject.Class'/Script/Anvil.VisBuildSite',"(X=0.000000,Y=0.000000,Z=0.000000)","(Pitch=0.000000,Yaw=0.000000,Roll=0.000000)","(X=1.000000,Y=1.000000,Z=1.000000)",""
Row_318,/Script/CoreUObject.Class'/Script/Anvil.VisBuildSite',"(X=0.000000,Y=0.000000,Z=0.000000)","(Pitch=0.000000,Yaw=0.000000,Roll=0.000000)","(X=1.000000,Y=1.000000,Z=1.000000)",""
Row_319,/Script/CoreUObject.Class'/Script/Anvil.VisBuildSite',"(X=0.000000,Y=0.000000,Z=0.000000)","(Pitch=0.000000,Yaw=0.000000,Roll=0.000000)","(X=1.000000,Y=1.000000,Z=1.000000)",""
Row_320,/Script/CoreUObject.Class'/Script/Anvil.VisBuildSite',"(X=0.000000,Y=0.000000,Z=0.000000)","(Pitch=0.000000,Yaw=0.000000,Roll=0.000000)","(X=1.000000,Y=1.000000,Z=1.000000)",""
Row_321,/Script/CoreUObject.Class'/Script/Anvil.VisBuildSite',"(X=0.000000,Y=0.000000,Z=0.000000)","(Pitch=0.000000,Yaw=0.000000,Roll=0.000000)","(X=1.000000,Y=1.000000,Z=1.000000)",""
Row_322,/Script/CoreUObject.Class'/Script/Anvil.VisBuildSite',"(X=0.000000,Y=0.000000,Z=0.000000)","(Pitch=0.000000,Yaw=0.000000,Roll=0.000000)","(X=1.000000,Y=1.000000,Z=1.000000)",""
Row_323,/Script/CoreUObject.Class'/Script/Anvil.VisBuildSite',"(X=0.000000,Y=0.000000,Z=0.000000)","(Pitch=0.000000,Yaw=0.000000,Roll=0.000000)","(X=1.000000,Y=1.000000,Z=1.000000)",""
Row_324,/Script/CoreUObject.Class'/Script/Anvil.VisBuildSite',"(X=0.000000,Y=0.000000,Z=0.000000)","(Pitch=0.000000,Yaw=0.000000,Roll=0.000000)","(X=1.000000,Y=1.000000,Z=1.000000)",""
Row_325,/Script/CoreUObject.Class'/Script/Anvil.VisBuildSite',"(X=0.000000,Y=0.000000,Z=0.000000)","(Pitch=0.000000,Yaw=0.000000,Roll=0.000000)","(X=1.000000,Y=1.000000,Z=1.000000)",""
Row_326,/Script/CoreUObject.Class'/Script/Anvil.VisBuildSite',"(X=0.000000,Y=0.000000,Z=0.000000)","(Pitch=0.000000,Yaw=0.000000,Roll=0.000000)","(X=1.000000,Y=1.000000,Z=1.000000)",""
Row_327,/Script/CoreUObject.Class'/Script/Anvil.VisBuildSite',"(X=0.000000,Y=0.000000,Z=0.000000)","(Pitch=0.000000,Yaw=0.000000,Roll=0.000000)","(X=1.000000,Y=1.000000,Z=1.000000)",""
Row_328,/Script/CoreUObject.Class'/Script/Anvil.VisBuildSite',"(X=0.000000,Y=0.000000,Z=0.000000)","(Pitch=0.000000,Yaw=0.000000,Roll=0.000000)","(X=1.000000,Y=1.000000,Z=1.000000)",""
Row_329,/Script/CoreUObject.Class'/Script/Anvil.VisBuildSite',"(X=0.000000,Y=0.000000,Z=0.000000)","(Pitch=0.000000,Yaw=0.000000,Roll=0.000000)","(X=1.000000,Y=1.000000,Z=1.000000)",""
Row_330,/Script/CoreUObject.Class'/Script/Anvil.VisBuildSite',"(X=0.000000,Y=0.000000,Z=0.000000)","(Pitch=0.000000,Yaw=0.000000,Roll=0.000000)","(X=1.000000,Y=1.000000,Z=1.000000)",""
Row_331,/Script/CoreUObject.Class'/Script/Anvil.VisBuildSite',"(X=0.000000,Y=0.000000,Z=0.000000)","(Pitch=0.000000,Yaw=0.000000,Roll=0.000000)","(X=1.000000,Y=1.000000,Z=1.000000)",""
Row_332,/Script/CoreUObject.Class'/Script/Anvil.VisBuildSite',"(X=0.000000,Y=0.000000,Z=0.000000)","(Pitch=0.000000,Yaw=0.000000,Roll=0.000000)","(X=1.000000,Y=1.000000,Z=1.000000)",""
Row_333,/Script/CoreUObject.Class'/Script/Anvil.VisBuildSite',"(X=0.000000,Y=0.000000,Z=0.000000)","(Pitch=0.000000,Yaw=0.000000,Roll=0.000000)","(X=1.000000,Y=1.000000,Z=1.000000)",""
Row_334,/Script/CoreUObject.Class'/Script/Anvil.VisBuildSite',"(X=0.000000,Y=0.000000,Z=0.000000)","(Pitch=0.000000,Yaw=0.000000,Roll=0.000000)","(X=1.000000,Y=1.000000,Z=1.000000)",""
Row_335,/Script/CoreUObject.Class'/Script/Anvil.VisBuildSite',"(X=0.000000,Y=0.000000,Z=0.000000)","(Pitch=0.000000,Yaw=0.000000,Roll=0.000000)","(X=1.000000,Y=1.000000,Z=1.000000)",""
Row_336,/Script/CoreUObject.Class'/Script/Anvil.VisBuildSite',"(X=0.000000,Y=0.000000,Z=0.000000)","(Pitch=0.000000,Yaw=0.000000,Roll=0.000000)","(X=1.000000,Y=1.000000,Z=1.000000)",""
Row_337,/Script/CoreUObject.Class'/Script/Anvil.VisBuildSite',"(X=0.000000,Y=0.000000,Z=0.000000)","(Pitch=0.000000,Yaw=0.000000,Roll=0.000000)","(X=1.000000,Y=1.000000,Z=1.000000)",""
Row_338,/Script/CoreUObject.Class'/Script/Anvil.VisBuildSite',"(X=0.000000,Y=0.000000,Z=0.000000)","(Pitch=0.000000,Yaw=0.000000,Roll=0.000000)","(X=1.000000,Y=1.000000,Z=1.000000)",""
Row_339,/Script/CoreUObject.Class'/Script/Anvil.VisBuildSite',"(X=0.000000,Y=0.000000,Z=0.000000)","(Pitch=0.000000,Yaw=0.000000,Roll=0.000000)","(X=1.000000,Y=1.000000,Z=1.000000)",""
Row_340,/Script/CoreUObject.Class'/Script/Anvil.VisBuildSite',"(X=0.000000,Y=0.000000,Z=0.000000)","(Pitch=0.000000,Yaw=0.000000,Roll=0.000000)","(X=1.000000,Y=1.000000,Z=1.000000)",""
Row_341,/Script/CoreUObject.Class'/Script/Anvil.VisBuildSite',"(X=0.000000,Y=0.000000,Z=0.000000)","(Pitch=0.000000,Yaw=0.000000,Roll=0.000000)","(X=1.000000,Y=1.000000,Z=1.000000)",""
Row_342,/Script/CoreUObject.Class'/Script/Anvil.VisBuildSite',"(X=0.000000,Y=0.000000,Z=0.000000)","(Pitch=0.000000,Yaw=0.000000,Roll=0.000000)","(X=1.000000,Y=1.000000,Z=1.000000)",""
Row_343,/Script/CoreUObject.Class'/Script/Anvil.VisBuildSite',"(X=0.000000,Y=0.000000,Z=0.000000)","(Pitch=0.000000,Yaw=0.000000,Roll=0.000000)","(X=1.000000,Y=1.000000,Z=1.000000)",""
Row_344,/Script/CoreUObject.Class'/Script/Anvil.VisBuildSite',"(X=0.000000,Y=0.000000,Z=0.000000)","(Pitch=0.000000,Yaw=0.000000,Roll=0.000000)","(X=1.000000,Y=1.000000,Z=1.000000)",""
Row_345,/Script/CoreUObject.Class'/Script/Anvil.VisBuildSite',"(X=0.000000,Y=0.000000,Z=0.000000)","(Pitch=0.000000,Yaw=0.000000,Roll=0.000000)","(X=1.000000,Y=1.000000,Z=1.000000)",""
Row_346,/Script/CoreUObject.Class'/Script/Anvil.VisBuildSite',"(X=0.000000,Y=0.000000,Z=0.000000)","(Pitch=0.000000,Yaw=0.000000,Roll=0.000000)","(X=1.000000,Y=1.000000,Z=1.000000)",""
Row_347,/Script/CoreUObject.Class'/Script/Anvil.VisBuildSite',"(X=0.000000,Y=0.000000,Z=0.000000)","(Pitch=0.000000,Yaw=0.000000,Roll=0.000000)","(X=1.000000,Y=1.000000,Z=1.000000)",""
Row_348,/Script/CoreUObject.Class'/Script/Anvil.VisBuildSite',"(X=0.000000,Y=0.000000,Z=0.000000)","(Pitch=0.000000,Yaw=0.000000,Roll=0.000000)","(X=1.000000,Y=1.000000,Z=1.000000)",""
Row_349,/Script/CoreUObject.Class'/Script/Anvil.VisBuildSite',"(X=0.000000,Y=0.000000,Z=0.000000)","(Pitch=0.000000,Yaw=0.000000,Roll=0.000000)","(X=1.000000,Y=1.000000,Z=1.000000)",""
Row_350,/Script/CoreUObject.Class'/Script/Anvil.VisBuildSite',"(X=0.000000,Y=0.000000,Z=0.000000)","(Pitch=0.000000,Yaw=0.000000,Roll=0.000000)","(X=1.000000,Y=1.000000,Z=1.000000)",""
Row_351,/Script/CoreUObject.Class'/Script/Anvil.VisBuildSite',"(X=0.000000,Y=0.000000,Z=0.000000)","(Pitch=0.000000,Yaw=0.000000,Roll=0.000000)","(X=1.000000,Y=1.000000,Z=1.000000)",""
Row_352,/Script/CoreUObject.Class'/Script/Anvil.VisBuildSite',"(X=0.000000,Y=0.000000,Z=0.000000)","(Pitch=0.000000,Yaw=0.000000,Roll=0.000000)","(X=1.000000,Y=1.000000,Z=1.000000)",""
Row_353,/Script/CoreUObject.Class'/Script/Anvil.VisBuildSite',"(X=0.000000,Y=0.000000,Z=0.000000)","(Pitch=0.000000,Yaw=0.000000,Roll=0.000000)","(X=1.000000,Y=1.000000,Z=1.000000)",""
Row_354,/Script/CoreUObject.Class'/Script/Anvil.VisBuildSite',"(X=0.000000,Y=0.000000,Z=0.000000)","(Pitch=0.000000,Yaw=0.000000,Roll=0.000000)","(X=1.000000,Y=1.000000,Z=1.000000)",""
Row_355,/Script/CoreUObject.Class'/Script/Anvil.VisBuildSite',"(X=0.000000,Y=0.000000,Z=0.000000)","(Pitch=0.000000,Yaw=0.000000,Roll=0.000000)","(X=1.000000,Y=1.000000,Z=1.000000)",""
Row_356,/Script/CoreUObject.Class'/Script/Anvil.VisBuildSite',"(X=0.000000,Y=0.000000,Z=0.000000)","(Pitch=0.000000,Yaw=0.000000,Roll=0.000000)","(X=1.000000,Y=1.000000,Z=1.000000)",""
Row_357,/Script/CoreUObject.Class'/Script/Anvil.VisBuildSite',"(X=0.000000,Y=0.000000,Z=0.000000)","(Pitch=0.000000,Yaw=0.000000,Roll=0.000000)","(X=1.000000,Y=1.000000,Z=1.000000)",""
Row_358,/Script/CoreUObject.Class'/Script/Anvil.VisBuildSite',"(X=0.000000,Y=0.000000,Z=0.000000)","(Pitch=0.000000,Yaw=0.000000,Roll=0.000000)","(X=1.000000,Y=1.000000,Z=1.000000)",""
Row_359,/Script/CoreUObject.Class'/Script/Anvil.VisBuildSite',"(X=0.000000,Y=0.000000,Z=0.000000)","(Pitch=0.000000,Yaw=0.000000,Roll=0.000000)","(X=1.000000,Y=1.000000,Z=1.000000)",""
Row_360,/Script/CoreUObject.Class'/Script/Anvil.VisBuildSite',"(X=0.000000,Y=0.000000,Z=0.000000)","(Pitch=0.000000,Yaw=0.000000,Roll=0.000000)","(X=1.000000,Y=1.000000,Z=1.000000)",""
Row_361,/Script/CoreUObject.Class'/Script/Anvil.VisBuildSite',"(X=0.000000,Y=0.000000,Z=0.000000)","(Pitch=0.000000,Yaw=0.000000,Roll=0.000000)","(X=1.000000,Y=1.000000,Z=1.000000)",""
Row_362,/Script/CoreUObject.Class'/Script/Anvil.VisBuildSite',"(X=0.000000,Y=0.000000,Z=0.000000)","(Pitch=0.000000,Yaw=0.000000,Roll=0.000000)","(X=1.000000,Y=1.000000,Z=1.000000)",""
Row_363,/Script/CoreUObject.Class'/Script/Anvil.VisBuildSite',"(X=0.000000,Y=0.000000,Z=0.000000)","(Pitch=0.000000,Yaw=0.000000,Roll=0.000000)","(X=1.000000,Y=1.000000,Z=1.000000)",""
Row_364,/Script/CoreUObject.Class'/Script/Anvil.VisBuildSite',"(X=0.000000,Y=0.000000,Z=0.000000)","(Pitch=0.000000,Yaw=0.000000,Roll=0.000000)","(X=1.000000,Y=1.000000,Z=1.000000)",""
Row_365,/Script/CoreUObject.Class'/Script/Anvil.VisBuildSite',"(X=0.000000,Y=0.000000,Z=0.000000)","(Pitch=0.000000,Yaw=0.000000,Roll=0.000000)","(X=1.000000,Y=1.000000,Z=1.000000)",""
Row_366,/Script/CoreUObject.Class'/Script/Anvil.VisBuildSite',"(X=0.000000,Y=0.000000,Z=0.000000)","(Pitch=0.000000,Yaw=0.000000,Roll=0.000000)","(X=1.000000,Y=1.000000,Z=1.000000)",""
Row_367,/Script/CoreUObject.Class'/Script/Anvil.VisBuildSite',"(X=0.000000,Y=0.000000,Z=0.000000)","(Pitch=0.000000,Yaw=0.000000,Roll=0.000000)","(X=1.000000,Y=1.000000,Z=1.000000)",""
Row_368,/Script/CoreUObject.Class'/Script/Anvil.VisBuildSite',"(X=0.000000,Y=0.000000,Z=0.000000)","(Pitch=0.000000,Yaw=0.000000,Roll=0.000000)","(X=1.000000,Y=1.000000,Z=1.000000)",""
Row_369,/Script/CoreUObject.Class'/Script/Anvil.VisBuildSite',"(X=0.000000,Y=0.000000,Z=0.000000)","(Pitch=0.000000,Yaw=0.000000,Roll=0.000000)","(X=1.000000,Y=1.000000,Z=1.000000)",""
Row_370,/Script/CoreUObject.Class'/Script/Anvil.VisBuildSite',"(X=0.000000,Y=0.000000,Z=0.000000)","(Pitch=0.000000,Yaw=0.000000,Roll=0.000000)","(X=1.000000,Y=1.000000,Z=1.000000)",""
Row_371,/Script/CoreUObject.Class'/Script/Anvil.VisBuildSite',"(X=0.000000,Y=0.000000,Z=0.000000)","(Pitch=0.000000,Yaw=0.000000,Roll=0.000000)","(X=1.000000,Y=1.000000,Z=1.000000)",""
Row_372,/Script/CoreUObject.Class'/Script/Anvil.VisBuildSite',"(X=0.000000,Y=0.000000,Z=0.000000)","(Pitch=0.000000,Yaw=0.000000,Roll=0.000000)","(X=1.000000,Y=1.000000,Z=1.000000)",""
Row_373,/Script/CoreUObject.Class'/Script/Anvil.VisBuildSite',"(X=0.000000,Y=0.000000,Z=0.000000)","(Pitch=0.000000,Yaw=0.000000,Roll=0.000000)","(X=1.000000,Y=1.000000,Z=1.000000)",""
Row_374,/Script/CoreUObject.Class'/Script/Anvil.VisBuildSite',"(X=0.000000,Y=0.000000,Z=0.000000)","(Pitch=0.000000,Yaw=0.000000,Roll=0.000000)","(X=1.000000,Y=1.000000,Z=1.000000)",""
Row_375,/Script/CoreUObject.Class'/Script/Anvil.VisBuildSite',"(X=0.000000,Y=0.000000,Z=0.000000)","(Pitch=0.000000,Yaw=0.000000,Roll=0.000000)","(X=1.000000,Y=1.000000,Z=1.000000)",""
Row_376,/Script/CoreUObject.Class'/Script/Anvil.VisBuildSite',"(X=0.000000,Y=0.000000,Z=0.000000)","(Pitch=0.000000,Yaw=0.000000,Roll=0.000000)","(X=1.000000,Y=1.000000,Z=1.000000)",""
